original,manual,gpt
Applyingsunscreen,Applying sunscreen,"The action ""Applying sunscreen"" refers to the act of spreading a protective lotion or cream on the skin to shield it from the harmful effects of the sun's ultraviolet (UV) rays. It is commonly done before going outdoors, especially during sunny or hot weather, to prevent sunburn and reduce the risk of skin cancer."
Archery,Archery,"The action ""Archery"" refers to the sport or skill of shooting arrows using a bow. It involves aiming at a target and requires precision, focus, and control. "
Armwrestling,Arm wrestling,"The action ""Arm wrestling"" refers to a physical contest where two individuals lock their hands and try to force each other's arm down to the table, using only their arm strength. It is a test of strength and endurance. "
Assemblingbicycle,Assembling bicycle,"The action ""Assembling bicycle"" refers to the process of putting together various components and parts of a bicycle to create a fully functional and rideable bike. It involves tasks such as attaching the frame, installing the wheels, pedals, handlebars, and adjusting the brakes and gears. "
BMX,BMX,"The action ""BMX"" refers to a type of extreme sport that involves performing tricks and stunts on a bicycle, typically on a specially designed track or in a skatepark. It requires a high level of skill, balance, and control. "
Bakingcookies,Baking cookies,"The action ""Baking cookies"" refers to the process of preparing and cooking a batch of cookies in an oven. It involves mixing the ingredients, shaping the dough, and baking it until the cookies are golden and crispy. "
Ballet,Ballet,"The action ""Ballet"" refers to a highly technical and expressive form of dance that originated in the Italian Renaissance courts and later developed into a classical dance form characterized by precise movements, graceful gestures, and elaborate costumes. It combines elements of music, storytelling, and physicality to convey emotions and narratives on stage. "
Bathingdog,Bathing dog,"The action ""Bathing dog"" refers to the act of cleaning a dog's body using water and shampoo to remove dirt, odors, and parasites. It is a regular grooming practice to maintain the dog's hygiene and overall health. "
Batontwirling,Baton twirling,"The action ""Baton twirling"" refers to the performance art of manipulating a metal rod called a baton, often incorporating dance, gymnastics, and various tricks. It is commonly seen in marching bands, parades, and competitive events. "
Beachsoccer,Beach soccer,"The action ""Beach soccer"" refers to a variant of soccer that is played on a sandy beach instead of a traditional grass field. It typically involves teams of five players and is known for its fast-paced and skillful style of play. "
Beerpong,Beer pong,"The action ""Beer pong"" refers to a drinking game where players throw ping pong balls across a table with the intent of landing the ball in one of several cups of beer on the other end. If a ball lands in a cup, the opposing team must drink the contents of that cup. "
Bellydance,Belly dance,"The action ""Belly dance"" refers to a traditional Middle Eastern dance form that involves intricate movements of the hips and abdomen. It is often performed by women and is characterized by fluid and sensual movements. "
Blow-dryinghair,Blow-drying hair,"The action ""Blow-drying hair"" refers to the process of using a blow dryer to dry and style wet hair by directing hot air onto the hair strands. It is commonly done after washing the hair to speed up the drying process and achieve a desired hairstyle."
Blowingleaves,Blowing leaves,"The action ""Blowing leaves"" refers to the act of using a leaf blower or similar device to remove fallen leaves from an area by directing a stream of air towards them. It is commonly done during autumn or in areas with a high concentration of trees. "
Braidinghair,Braiding hair,"The action ""Braiding hair"" refers to the process of interweaving three strands of hair together to create a woven pattern. It is a common hairstyling technique that is often used to create intricate and decorative hairstyles. "
Breakdancing,Breakdancing,"The action ""Breakdancing"" refers to a style of street dance that incorporates acrobatic moves, spins, and intricate footwork. It originated in the 1970s in the Bronx, New York, and is often performed to hip-hop music. "
Brushinghair,Brushing hair,"The action ""Brushing hair"" refers to the act of using a brush or comb to remove tangles, knots, and debris from one's hair, promoting a neat and groomed appearance. It is a common practice in personal hygiene and hair care routines. "
Brushingteeth,Brushing teeth,"The action ""Brushing teeth"" refers to the act of using a toothbrush and toothpaste to clean and remove plaque from the teeth and gums. It is a daily hygiene practice recommended for maintaining oral health and preventing dental issues. "
Buildingsandcastles,Building sandcastles,"The action ""Building sandcastles"" refers to the process of creating structures made of sand on a beach or in a sandbox using various tools and techniques. It is a popular recreational activity enjoyed by people of all ages. "
Bullfighting,Bullfighting,"The action ""Bullfighting"" refers to a traditional spectacle in which a matador confronts and fights a bull in a designated arena, often resulting in the bull's death. It is a controversial and highly ritualized practice that is primarily associated with Spanish and Portuguese cultures. "
Bungeejumping,Bungee jumping,"The action ""Bungee jumping"" refers to the extreme sport of jumping from a tall structure while attached to a bungee cord, which allows the jumper to experience a free fall before being pulled back up. It is a thrilling activity that provides an adrenaline rush and is popular among adventure enthusiasts. "
Calfroping,Calf roping,"The action ""Calf roping"" refers to a rodeo event where a rider on horseback chases a calf, ropes it around the neck, and then dismounts to tie three of its legs together in the fastest time possible. It is a timed event that tests the rider's skill in roping and restraining a calf. "
Camelride,Camel ride,"The action ""Camel ride"" refers to the activity of riding on the back of a camel, typically in a desert or arid region, for transportation or recreational purposes. It involves sitting on a saddle or a blanket placed on the camel's hump while the camel is guided by a handler. "
Canoeing,Canoeing,"The action ""Canoeing"" refers to the recreational activity of propelling a canoe through water using a paddle. It typically involves navigating rivers, lakes, or other bodies of water and can be done for leisure, exercise, or as a competitive sport. "
Capoeira,Capoeira,"The action ""Capoeira"" refers to a Brazilian martial art that combines elements of dance, acrobatics, and music. It is characterized by fluid movements and kicks performed in a circle with participants engaging in a playful and competitive exchange. "
Carvingjack-o-lanterns,Carving jack-o-lanterns,"The action ""Carving jack-o-lanterns"" refers to the process of hollowing out a pumpkin and creating a design or face by cutting into the pumpkin's flesh. It is a popular activity during Halloween where people often place a lit candle inside the carved pumpkin to create a spooky decoration."
Changingcarwheel,Changing car wheel,"The action ""Changing car wheel"" refers to the process of removing a damaged or flat tire from a car and replacing it with a new one. This is typically done by lifting the car with a jack, removing the lug nuts, swapping the tire, and then securing it back in place. "
Cheerleading,Cheerleading,"The action ""Cheerleading"" refers to a team-based activity where individuals perform synchronized routines, chants, and stunts to support and encourage a sports team during games and competitions. It involves a combination of dance, gymnastics, and cheer techniques to entertain the audience and boost team spirit. "
Choppingwood,Chopping wood,"The action ""Chopping wood"" refers to the act of using an axe or similar tool to cut or split wood into smaller pieces. It is often done for the purpose of using the wood as fuel for fire or for various construction or woodworking projects. "
Cleanandjerk,Clean and jerk,"The action ""Clean and jerk"" refers to a weightlifting exercise where the lifter starts by lifting a barbell from the floor to the shoulders in one motion, and then proceeds to push the barbell overhead in a second motion. It is a compound movement that requires strength, power, and coordination. "
Cleaningshoes,Cleaning shoes,"The action ""Cleaning shoes"" refers to the process of removing dirt, stains, and debris from footwear to maintain their cleanliness and appearance. It typically involves brushing, wiping, and using cleaning agents to restore the shoes' original condition. "
Cleaningsink,Cleaning sink,"The action ""Cleaning sink"" refers to the process of removing dirt, grime, and other impurities from a sink using cleaning agents and tools. It involves scrubbing the sink surface, clearing out any clogs, and ensuring it is left clean and sanitized. "
Cleaningwindows,Cleaning windows,"The action ""Cleaning windows"" refers to the process of removing dirt, dust, and grime from windows using cleaning solutions, tools, and techniques to achieve a clear and streak-free surface. It is typically done to improve visibility and enhance the overall appearance of windows. "
Clippingcatclaws,Clipping cat claws,"The action ""Clipping cat claws"" refers to the process of trimming a cat's nails to prevent them from becoming too long or sharp. It is typically done using special cat nail clippers or trimmers. "
Cricket,Cricket,"The action ""Cricket"" refers to a bat-and-ball game played between two teams of eleven players, where the objective is to score runs by hitting the ball and running between the wickets. It is a popular sport in many countries, particularly in England, Australia, and the Indian subcontinent. "
Croquet,Croquet,"The action ""Croquet"" refers to a game played on a lawn where players use mallets to hit balls through a series of hoops or wickets. The objective is to complete the course with the fewest number of strokes. "
Cumbia,Cumbia,"The action ""Cumbia"" refers to a lively dance style and genre of music that originated in Colombia and has since spread throughout Latin America. It is characterized by its infectious rhythm, syncopated beats, and vibrant dance moves. "
Curling,Curling,"The action ""Curling"" refers to a winter sport where players slide granite stones on ice towards a target area, while teammates use brooms to sweep the ice in front of the stone to control its speed and direction. The objective is to accumulate the highest score by getting the stones as close as possible to the center of the target."
Cuttingthegrass,Cutting the grass,"The action ""Cutting the grass"" refers to the act of using a lawnmower or other cutting tool to trim and maintain the height of the grass in a yard or outdoor space. It is typically done to keep the grass neat, prevent overgrowth, and enhance the overall appearance of the area. "
DecoratingtheChristmastree,Decorating the Christmas tree,"The action ""Decorating the Christmas tree"" refers to the process of adorning a tree with ornaments, lights, and other festive decorations in celebration of the Christmas holiday. It is a traditional activity that brings joy and creates a festive atmosphere in homes during the holiday season. "
Discdog,Disc dog,"The action ""Disc dog"" refers to a sport where dogs and their handlers compete in various events that involve throwing and catching flying discs. It requires a high level of skill, coordination, and teamwork between the dog and handler. "
Discusthrow,Discus throw,"The action ""Discus throw"" refers to a track and field event where athletes spin and release a heavy discus in an attempt to achieve the longest distance. It requires a combination of strength, technique, and precision. "
Dodgeball,Dodgeball,"The action ""Dodgeball"" refers to a game where players try to avoid being hit by balls thrown by the opposing team, while simultaneously trying to hit the opposing players with balls. It is typically played in a gymnasium or an open field. "
Doingapowerbomb,Doing a powerbomb,"The action ""Doing a powerbomb"" refers to a professional wrestling move where one wrestler lifts their opponent onto their shoulders and slams them forcefully onto the mat. It is a high-impact move often used to inflict damage and gain an advantage in a match. "
Doingcrunches,Doing crunches,"The action ""Doing crunches"" refers to performing a specific type of abdominal exercise where one lies on their back, bends their knees, and lifts their upper body towards their knees using their abdominal muscles. It is commonly done to strengthen and tone the core muscles. "
Doingfencing,Doing fencing,"The action ""Doing fencing"" refers to participating in the sport of fencing, which involves using a sword to engage in a competitive bout with an opponent. It requires skill, strategy, and agility to score points by striking the opponent while avoiding being hit. "
Doingkarate,Doing karate,"The action ""Doing karate"" refers to participating in a martial art that involves various strikes, kicks, and defensive techniques. It is a physical activity that requires discipline, focus, and skill. "
Doingkickboxing,Doing kickboxing,"The action ""Doing kickboxing"" refers to participating in a combat sport that combines elements of boxing and martial arts, involving punches, kicks, and knee strikes. It is a high-intensity workout that helps improve cardiovascular fitness, strength, and coordination. "
Doingmotocross,Doing motocross,"The action ""Doing motocross"" refers to participating in a high-speed off-road motorcycle racing sport, typically performed on a dirt track with various obstacles and jumps. It involves riders maneuvering their motorcycles through challenging terrain, showcasing their skills and techniques. "
Doingnails,Doing nails,"The action ""Doing nails"" refers to the process of grooming and beautifying the nails, which typically involves trimming, shaping, and painting them. It is commonly done in nail salons or at home using various tools and nail products. "
Doingstepaerobics,Doing step aerobics,"The action ""Doing step aerobics"" refers to performing a cardiovascular exercise routine that involves stepping up and down on a raised platform or step. It is a popular form of aerobic exercise that helps improve cardiovascular fitness, coordination, and lower body strength. "
Drinkingbeer,Drinking beer,"The action ""Drinking beer"" refers to the act of consuming a beverage made from fermented grains, typically barley, that contains alcohol. It is a common social activity enjoyed by many individuals for relaxation or socializing purposes. "
Drinkingcoffee,Drinking coffee,"The action ""Drinking coffee"" refers to the act of consuming a beverage made from roasted coffee beans, typically for its stimulating effects. It is a common practice in many cultures and is often enjoyed for its taste and aroma. "
Drumcorps,Drum corps,"The action ""Drum corps"" refers to a highly disciplined and competitive marching band activity that combines music, marching, and visual performance. It typically involves a large group of brass, percussion, and color guard members who perform intricate and synchronized routines on football fields or in parades. "
Ellipticaltrainer,Elliptical trainer,"The action ""Elliptical trainer"" refers to using a stationary exercise machine that simulates walking, running, or stair climbing without causing excessive pressure on the joints. It provides a low-impact cardiovascular workout that targets multiple muscle groups. "
Fixingbicycle,Fixing bicycle,"The action ""Fixing bicycle"" refers to the process of repairing or restoring a bicycle to a functional and safe condition. It involves identifying and resolving any mechanical issues, adjusting components, and replacing damaged parts if necessary. "
Fixingtheroof,Fixing the roof,"The action ""Fixing the roof"" refers to the process of repairing or renovating the roof of a building, typically to address issues such as leaks, damage, or deterioration. It involves identifying and rectifying any problems, replacing damaged materials, and ensuring the roof is structurally sound and watertight. "
Funslidingdown,Fun sliding down,"The action ""Fun sliding down"" refers to the act of sliding down a surface, such as a slide or a hill, in a playful and enjoyable manner. It is typically done for recreational purposes and can bring a sense of thrill and amusement. "
Futsal,Futsal,"The action ""Futsal"" refers to a fast-paced indoor soccer game played with five players on each team. It is characterized by its smaller field, hard surface, and emphasis on skill, agility, and quick thinking. "
Garglingmouthwash,Gargling mouthwash,"The action ""Gargling mouthwash"" refers to the act of swishing a liquid solution, typically containing antiseptic or refreshing agents, in the mouth and throat for a certain period of time before spitting it out. It is commonly done as a part of oral hygiene routine to freshen breath and kill bacteria. "
Gettingahaircut,Getting a haircut,"The action ""Getting a haircut"" refers to the act of visiting a hair salon or barber shop to have one's hair trimmed, styled, or groomed by a professional hairdresser or barber. It is a common practice for individuals to maintain their hair's length, shape, and overall appearance. "
Gettingapiercing,Getting a piercing,"The action ""Getting a piercing"" refers to the process of having a small hole made in the body, typically in the earlobe or other body parts, in order to insert jewelry. It is a form of body modification and self-expression."
Gettingatattoo,Getting a tattoo,"The action ""Getting a tattoo"" refers to the process of permanently marking the skin with ink or pigments by using a needle or similar instrument. It is a form of body modification that involves creating a design or image on the skin that can have personal or artistic significance. "
Groomingdog,Grooming dog,"The action ""Grooming dog"" refers to the process of cleaning, brushing, and maintaining the appearance of a dog's coat, nails, and overall hygiene. It is typically done to keep the dog's fur clean, prevent matting, and promote a healthy and well-groomed appearance."
Groominghorse,Grooming horse,"The action ""Grooming horse"" refers to the process of cleaning, brushing, and maintaining the appearance of a horse's coat, mane, and tail. It is done to promote good hygiene, remove dirt and debris, and enhance the horse's overall health and appearance. "
Hammerthrow,Hammer throw,"The action ""Hammer throw"" refers to a track and field event where athletes spin around multiple times before releasing a metal ball attached to a wire, aiming to throw it as far as possible. It requires strength, technique, and coordination. "
Handcarwash,Hand car wash,"The action ""Hand car wash"" refers to the process of cleaning a car by hand using water, soap, and various cleaning tools, rather than using automated car wash machines. It involves manually scrubbing and rinsing the vehicle to remove dirt and grime. "
Handwashingclothes,Hand washing clothes,"The action ""Hand washing clothes"" refers to the process of cleaning garments by manually scrubbing them with soap and water, typically done in a sink or basin. It is a traditional method of laundry that does not involve the use of a washing machine. "
Hangingwallpaper,Hanging wallpaper,"The action ""Hanging wallpaper"" refers to the process of applying wallpaper onto a wall surface using adhesive or paste, typically done to enhance the aesthetic appeal of a room. It involves measuring and cutting the wallpaper to fit the wall, applying the adhesive, and carefully smoothing out any air bubbles or wrinkles. "
Havinganicecream,Having an ice cream,"The action ""Having an ice cream"" refers to the act of consuming a frozen dessert made from dairy products, typically in the form of a cone or a cup, often enjoyed as a treat or to cool down in warm weather. "
Highjump,High jump,"The action ""High jump"" refers to a track and field event where athletes attempt to jump over a horizontal bar set at a certain height without knocking it down. The winner is determined by the highest successful jump achieved. "
Hittingapinata,Hitting a pinata,"The action ""Hitting a pinata"" refers to striking a colorful, hollow object filled with candies or toys, typically suspended from above, with the aim of breaking it open and releasing its contents. It is often done as part of a celebration or party game, where blindfolded participants take turns trying to hit the pinata until it breaks."
Hopscotch,Hopscotch,"The action ""Hopscotch"" refers to a game played by children where they hop on one foot and jump over a series of numbered squares drawn on the ground, typically using a small stone or object to mark their progress. It is a popular outdoor activity that promotes balance, coordination, and physical activity. "
Horsebackriding,Horseback riding,"The action ""Horseback riding"" refers to the activity of riding a horse, typically for recreational or sport purposes, where the rider sits on the horse's back and controls its movements using reins and body cues. It can be done in various settings such as trails, arenas, or open fields. "
Hulahoop,Hula hoop,"The action ""Hula hoop"" refers to rotating a large hoop around the waist, hips, or other parts of the body in a rhythmic motion. It is often done for exercise, entertainment, or as a performance art."
Hurling,Hurling,"The action ""Hurling"" refers to a traditional Irish sport played with a small ball and a curved wooden stick, where players try to score points by hitting the ball into the opponent's goal. It is known for its fast pace, physicality, and skillful techniques. "
Icefishing,Ice fishing,"The action ""Ice fishing"" refers to the activity of catching fish through a hole in a frozen body of water, typically using specialized equipment such as an ice auger, fishing rod, and bait. It is a popular winter sport in regions with frozen lakes and rivers. "
Installingcarpet,Installing carpet,"The action ""Installing carpet"" refers to the process of laying down and securing carpeting material onto a floor surface, typically done by professionals using specialized tools and techniques. It involves measuring, cutting, and attaching the carpet to create a finished and comfortable flooring option. "
Ironingclothes,Ironing clothes,"The action ""Ironing clothes"" refers to the process of using a heated iron to remove wrinkles and creases from fabric, typically done after washing and drying. It helps to make clothes look neat and presentable. "
Javelinthrow,Javelin throw,"The action ""Javelin throw"" refers to a track and field event where athletes throw a spear-like object called a javelin as far as possible. It requires a combination of strength, technique, and precision to achieve maximum distance."
Kayaking,Kayaking,"The action ""Kayaking"" refers to the recreational activity of propelling oneself in a small, narrow boat called a kayak, using a double-bladed paddle. It is typically done on rivers, lakes, or the ocean and can be enjoyed for leisure, exercise, or as a competitive sport. "
Kiteflying,Kite flying,"The action ""Kite flying"" refers to the recreational activity of flying a kite in the air using a string attached to it, usually done in open spaces such as parks or beaches. It involves controlling the kite's movement and enjoying the experience of watching it soar in the sky. "
Kneeling,Kneeling,"The action ""Kneeling"" refers to the act of bending one or both knees and resting them on the ground, often as a sign of respect, submission, or prayer. It involves lowering the body to a position where the knees touch the ground while keeping the upper body upright. "
Knitting,Knitting,"The action ""Knitting"" refers to the process of creating fabric by interlocking loops of yarn with knitting needles. It is a popular craft that involves creating various items such as clothing, accessories, and home decor. "
Layingtile,Laying tile,"The action ""Laying tile"" refers to the process of placing and securing tiles onto a surface, typically using adhesive or mortar, to create a tiled floor or wall. It involves measuring, cutting, and arranging the tiles in a desired pattern or layout. "
Layupdrillinbasketball,Layup drill in basketball,"The action ""Layup drill in basketball"" refers to a practice exercise where players take turns driving towards the basket and attempting to score a layup, a shot taken close to the hoop. This drill helps players improve their shooting technique, footwork, and coordination. "
Longjump,Long jump,"The action ""Long jump"" refers to a track and field event where athletes sprint down a runway and then jump as far as possible into a sandpit. It requires a combination of speed, power, and technique to achieve maximum distance."
Longboarding,Longboarding,"The action ""Longboarding"" refers to riding a long skateboard designed for cruising and downhill racing, typically longer and more stable than a regular skateboard. It involves using body movements and balance to navigate and perform tricks on various terrains."
Makingacake,Making a cake,"The action ""Making a cake"" refers to the process of combining ingredients such as flour, sugar, and eggs, and baking them in an oven to create a sweet and fluffy dessert. It typically involves mixing the ingredients, pouring the batter into a cake pan, and baking it until it is cooked and ready to be enjoyed. "
Makingalemonade,Making a lemonade,"The action ""Making a lemonade"" refers to the process of combining lemon juice, water, and sugar to create a refreshing beverage. It typically involves squeezing lemons, mixing the ingredients, and serving the lemonade over ice. "
Makingasandwich,Making a sandwich,"The action ""Making a sandwich"" refers to the process of preparing a meal by assembling various ingredients, such as bread, meat, vegetables, and condiments, in between two slices of bread. It typically involves spreading condiments, layering ingredients, and cutting the sandwich into manageable portions."
Makinganomelette,Making an omelette,"The action ""Making an omelette"" refers to the process of beating eggs, adding fillings such as cheese or vegetables, and cooking the mixture in a pan until it is set and folded over to create a folded egg dish. It is a popular breakfast or brunch option that can be customized with various ingredients. "
Mixingdrinks,Mixing drinks,"The action ""Mixing drinks"" refers to the process of combining different ingredients, such as alcohol, mixers, and garnishes, to create a beverage with a desired taste and presentation. It involves measuring and pouring the ingredients into a shaker or glass, and then either stirring or shaking them together to achieve a well-blended drink. "
Moopingfloor,Mooping floor,"The action ""Mooping floor"" refers to the act of cleaning or sweeping the floor to remove dirt, dust, and debris. It involves using a broom, mop, or vacuum cleaner to ensure a clean and tidy floor surface. "
Mowingthelawn,Mowing the lawn,"The action ""Mowing the lawn"" refers to the act of cutting the grass on a lawn using a lawnmower or other cutting tool. It is typically done to maintain the appearance and health of the lawn. "
Paintball,Paintball,"The action ""Paintball"" refers to a recreational sport in which players use air guns to shoot small balls filled with paint at each other, with the objective of eliminating opponents by marking them with paint. It is typically played in outdoor fields or indoor arenas. "
Painting,Painting,"The action ""Painting"" refers to the process of applying color or pigment to a surface, typically using a brush or other tool, to create a visual representation or artwork. It involves the use of various techniques and materials to express creativity and convey emotions or ideas. "
Paintingfence,Painting fence,"The action ""Painting fence"" refers to the act of applying paint or stain to a fence in order to protect it from weathering and enhance its appearance. It involves using brushes, rollers, or sprayers to evenly coat the surface of the fence with the chosen paint or stain. "
Paintingfurniture,Painting furniture,"The action ""Painting furniture"" refers to the process of applying paint or a protective coating to wooden or metal furniture to enhance its appearance or protect it from damage. It involves preparing the surface, selecting appropriate paint or finish, and applying it using brushes, rollers, or sprayers. "
Peelingpotatoes,Peeling potatoes,"The action ""Peeling potatoes"" refers to the process of removing the outer skin or peel from potatoes using a knife or peeler. It is commonly done before cooking or preparing potatoes for various dishes."
Ping-pong,Ping-pong,"The action ""Ping-pong"" refers to a recreational sport played on a table with two or four players, using small paddles to hit a lightweight ball back and forth over a net. The objective is to score points by making the ball bounce on the opponent's side without them returning it successfully. "
Plastering,Plastering,"The action ""Plastering"" refers to the process of applying a layer of plaster or mortar to a wall or surface in order to create a smooth and even finish. It is commonly used in construction and renovation projects to provide a protective and decorative coating. "
Plataformdiving,Plataform diving,"The action ""Platform diving"" refers to a sport where athletes jump off a raised platform into a pool, performing acrobatic maneuvers in the air before entering the water. It is a competitive event in diving competitions. "
Playingaccordion,Playing accordion,"The action ""Playing accordion"" refers to the act of producing music by manipulating the keys and buttons of an accordion instrument. It involves simultaneously pressing the keys and buttons while using the bellows to create sound. "
Playingbadminton,Playing badminton,"The action ""Playing badminton"" refers to engaging in a sport where two or four players use rackets to hit a shuttlecock back and forth over a net, with the objective of scoring points by making the shuttlecock land in the opponent's court without them returning it successfully. It is a popular recreational activity and competitive sport worldwide. "
Playingbagpipes,Playing bagpipes,"The action ""Playing bagpipes"" refers to the act of producing music by blowing air into a bag and squeezing it to create sound through the pipes. It is a traditional Scottish musical practice often associated with cultural events and ceremonies. "
Playingbeachvolleyball,Playing beach volleyball,"The action ""Playing beach volleyball"" refers to participating in a sport where two teams of two players each compete against each other on a sandy court, using their hands and arms to hit a ball over a net. It is a popular recreational activity often enjoyed in coastal areas or beach resorts. "
Playingblackjack,Playing blackjack,"The action ""Playing blackjack"" refers to participating in a card game where players try to achieve a hand value as close to 21 as possible without exceeding it, by drawing cards from a deck and making strategic decisions based on the cards they have and the dealer's visible card. "
Playingcongas,Playing congas,"The action ""Playing congas"" refers to the act of rhythmically striking and playing a pair of conga drums, typically with the hands, to produce music and create a lively percussive sound. It is often performed in Latin American and Afro-Caribbean music genres. "
Playingdrums,Playing drums,"The action ""Playing drums"" refers to the act of using drumsticks to strike various drums and cymbals in a rhythmic manner, typically to create music or accompany other musicians. It requires coordination, rhythm, and skill in order to produce desired sounds and patterns. "
Playingfieldhockey,Playing field hockey,"The action ""Playing field hockey"" refers to participating in a team sport where players use sticks to hit a small ball into the opposing team's goal, while following specific rules and regulations on a grass or artificial turf field. It is a fast-paced game that requires skill, strategy, and teamwork."
Playingflauta,Playing flauta,"The action ""Playing flauta"" refers to the act of performing music on a flute-like instrument called a flauta. It involves using the fingers to cover and uncover the holes on the instrument to produce different pitches and melodies. "
Playingguitarra,Playing guitarra,"The action ""Playing guitarra"" refers to the act of strumming or plucking the strings of a guitar to produce musical sounds. It involves using the fingers or a pick to create melodies, chords, and rhythms on the instrument. "
Playingharmonica,Playing harmonica,"The action ""Playing harmonica"" refers to the act of producing music by blowing air into and manipulating a small musical instrument called a harmonica. It involves using the mouth and hands to create different notes and melodies. "
Playingicehockey,Playing ice hockey,"The action ""Playing ice hockey"" refers to participating in a team sport on ice, using a stick to hit a puck into the opposing team's net. It involves skating, passing, and shooting skills, and is played with a high level of physicality and speed. "
Playingkickball,Playing kickball,"The action ""Playing kickball"" refers to a recreational sport where players kick a ball and try to score runs by running around bases, similar to baseball. It is typically played with a large rubber ball and can be enjoyed by people of all ages."
Playinglacrosse,Playing lacrosse,"The action ""Playing lacrosse"" refers to participating in a team sport that involves using a small rubber ball and a long-handled stick to score goals by throwing or hitting the ball into the opponent's net. It is a fast-paced and physically demanding game that requires agility, coordination, and teamwork. "
Playingpiano,Playing piano,"The action ""Playing piano"" refers to the act of producing music by pressing keys on a piano instrument. It involves using both hands to create melodies, harmonies, and rhythms. "
Playingpolo,Playing polo,"The action ""Playing polo"" refers to a sport where two teams on horseback try to score goals by hitting a small ball into the opposing team's goal using long-handled mallets. It is a fast-paced and competitive game that requires skill, teamwork, and horsemanship. "
Playingpool,Playing pool,"The action ""Playing pool"" refers to a recreational activity where players use a cue stick to hit balls on a billiard table, aiming to pocket them into designated pockets. It is typically played in a social setting, such as a pool hall or a bar. "
Playingracquetball,Playing racquetball,"The action ""Playing racquetball"" refers to participating in a fast-paced indoor sport where two players use racquets to hit a small rubber ball against the walls of a court, aiming to outscore their opponent by making the ball bounce twice before they can return it. It requires agility, hand-eye coordination, and strategic thinking. "
Playingrubikcube,Playing rubik cube,"The action ""Playing rubik cube"" refers to the act of manipulating and solving a three-dimensional puzzle cube with colored squares on each side, using various algorithms and strategies. It requires logical thinking, spatial reasoning, and dexterity to solve the cube by aligning all the colors on each side."
Playingsaxophone,Playing saxophone,"The action ""Playing saxophone"" refers to the act of producing music by blowing air into a saxophone and manipulating the keys to create different notes and melodies. It is a form of musical expression commonly associated with jazz and other genres. "
Playingsquash,Playing squash,"The action ""Playing squash"" refers to a sport where two players use rackets to hit a small rubber ball against the walls of a four-walled court, aiming to make the ball bounce twice before the opponent can return it. It is a fast-paced and physically demanding game that requires agility, strategy, and quick reflexes."
Playingtenpins,Playing ten pins,"The action ""Playing ten pins"" refers to a recreational activity where participants roll a ball towards a set of ten pins with the objective of knocking down as many pins as possible. It is commonly played in bowling alleys and can be enjoyed by individuals or in teams. "
Playingviolin,Playing violin,"The action ""Playing violin"" refers to the act of using a bow to produce sound from the strings of a violin, typically accompanied by finger movements on the fingerboard to produce different pitches and melodies. It is a musical activity that requires skill, technique, and practice. "
Playingwaterpolo,Playing water polo,"The action ""Playing water polo"" refers to a team sport played in a swimming pool, where players use their hands to pass and shoot a ball into the opponent's goal while swimming and treading water. It combines elements of swimming, soccer, and basketball. "
Polevault,Pole vault,"The action ""Pole vault"" refers to a track and field event where athletes use a long, flexible pole to propel themselves over a high bar. It requires a combination of speed, strength, and technique to clear the bar successfully. "
Polishingforniture,Polishing forniture,"The action ""Polishing furniture"" refers to the process of applying a polish or wax to wooden furniture surfaces in order to enhance their appearance and provide protection against wear and tear. It involves using a cloth or brush to evenly distribute the polish and then buffing the surface to create a smooth and shiny finish. "
Polishingshoes,Polishing shoes,"The action ""Polishing shoes"" refers to the process of cleaning and shining shoes using polish or other shoe care products to restore their appearance and maintain their quality. It involves applying the polish, buffing the shoes, and removing any dirt or scuff marks to achieve a polished and glossy finish. "
Powerbocking,Powerbocking,"The action ""Powerbocking"" refers to the activity of using spring-loaded stilts called Powerbocks to jump and perform acrobatic movements. It combines elements of parkour, gymnastics, and extreme sports. "
Preparingpasta,Preparing pasta,"The action ""Preparing pasta"" refers to the process of cooking pasta by boiling it in water until it is cooked to the desired tenderness. It typically involves adding salt to the boiling water, cooking the pasta until al dente, and then draining it before serving with sauce or other ingredients. "
Preparingsalad,Preparing salad,"The action ""Preparing salad"" refers to the process of washing, chopping, and combining various vegetables and ingredients to create a dish typically served as a side or main course. It involves selecting fresh produce, cutting them into bite-sized pieces, and mixing them with dressings or seasonings to enhance the flavors."
Puttingincontactlenses,Putting in contact lenses,"The action ""Putting in contact lenses"" refers to the process of inserting small, thin lenses onto the surface of the eye to correct vision. It involves carefully placing the lenses onto the cornea using clean hands and following proper hygiene practices. "
Puttingonmakeup,Putting on makeup,"The action ""Putting on makeup"" refers to the process of applying cosmetics to enhance one's appearance, typically involving products such as foundation, lipstick, eyeshadow, and mascara. It is commonly done by individuals as part of their daily grooming routine or for special occasions."
Puttingonshoes,Putting on shoes,"The action ""Putting on shoes"" refers to the act of placing footwear onto one's feet, typically for the purpose of protection and comfort while walking or engaging in physical activities. It involves sliding the feet into the shoes, adjusting them to fit properly, and securing them in place, such as by tying shoelaces or fastening straps."
Rafting,Rafting,"The action ""Rafting"" refers to the recreational activity of navigating a river or other bodies of water using an inflatable raft or boat. Participants use paddles to steer and propel the raft through the rapids and enjoy the thrill of the adventure. "
Rakingleaves,Raking leaves,"The action ""Raking leaves"" refers to the act of using a rake to gather and collect fallen leaves from the ground into a pile. It is typically done during the autumn season to keep lawns and gardens clean and tidy. "
Removingcurlers,Removing curlers,"The action ""Removing curlers"" refers to the process of taking out the hair curlers or rollers that have been used to create curls or waves in the hair. This is typically done by carefully unwinding or sliding off the curlers from the hair strands. "
Removingicefromcar,Removing ice from car,"The action ""Removing ice from car"" refers to the process of clearing ice or frost from the exterior surfaces of a car, typically using tools such as an ice scraper or de-icing spray. This is done to improve visibility and ensure safe driving conditions. "
Ridingbumpercars,Riding bumper cars,"The action ""Riding bumper cars"" refers to the activity of driving small, electric cars in an enclosed area and intentionally colliding with other cars for fun and amusement. It is commonly found in amusement parks or carnivals. "
Rivertubing,River tubing,"The action ""River tubing"" refers to the recreational activity of floating down a river on an inflatable tube or raft. Participants typically navigate through the river's currents and enjoy the surrounding natural scenery. "
Rockclimbing,Rock climbing,"The action ""Rock climbing"" refers to the sport or activity of ascending steep rock formations using specialized equipment and techniques. It involves using hands, feet, and other body parts to climb up natural or artificial rock walls or cliffs. "
Rock-paper-scissors,Rock-paper-scissors,"The action ""Rock-paper-scissors"" refers to a hand game played between two people, where each player simultaneously forms one of three shapes with an outstretched hand: rock (closed fist), paper (open hand), or scissors (two fingers extended). The winner is determined based on the rules that rock beats scissors, scissors beats paper, and paper beats rock. "
Rollerblading,Rollerblading,"The action ""Rollerblading"" refers to the activity of gliding or skating on inline skates, typically on smooth surfaces such as roads or sidewalks. It involves using a series of coordinated movements to propel oneself forward. "
Roofshingleremoval,Roof shingle removal,"The action ""Roof shingle removal"" refers to the process of removing the shingles or tiles that cover the roof of a building. This is typically done to repair or replace damaged or worn-out shingles."
Ropeskipping,Rope skipping,"The action ""Rope skipping"" refers to a physical activity where a person jumps over a rope that is swung over their head and under their feet. It is often used as a form of exercise or as a recreational activity. "
Runningamarathon,Running a marathon,"The action ""Running a marathon"" refers to participating in a long-distance race typically covering a distance of 26.2 miles or 42.195 kilometers. It involves running continuously for several hours, testing the endurance and physical fitness of the participants. "
Sailing,Sailing,"The action ""Sailing"" refers to the act of navigating a boat or a ship using wind power to propel it through the water. It involves the use of sails and various techniques to control the direction and speed of the vessel."
Scubadiving,Scuba diving,"The action ""Scuba diving"" refers to the activity of swimming underwater using a self-contained underwater breathing apparatus (scuba) to explore the underwater world. It involves diving into the water, exploring marine life, and enjoying the beauty of underwater environments. "
Sharpeningknives,Sharpening knives,"The action ""Sharpening knives"" refers to the process of honing the edges of knives to restore their sharpness and improve their cutting ability. It involves using a sharpening tool or stone to remove any dullness or imperfections from the blade. "
Shaving,Shaving,"The action ""Shaving"" refers to the act of removing hair from the body using a razor or other shaving tools. It is commonly done to achieve a smooth and hairless appearance, particularly on the face, legs, or underarms. "
Shavinglegs,Shaving legs,"The action ""Shaving legs"" refers to the act of using a razor or other hair removal tool to remove hair from the legs, typically done by women for cosmetic or hygiene purposes. It involves applying shaving cream or gel to the legs and then using a razor to carefully remove the hair, leaving the skin smooth and hair-free. "
Shotput,Shot put,"The action ""Shot put"" refers to a track and field event where athletes throw a heavy metal ball, called a shot, as far as possible. The shot is pushed from the shoulder using a specific technique to achieve maximum distance. "
Shovelingsnow,Shoveling snow,"The action ""Shoveling snow"" refers to the act of removing snow from a surface, typically using a shovel or snow blower, in order to clear a pathway or driveway. It is commonly done during winter to ensure safe and accessible areas. "
Shuffleboard,Shuffleboard,"The action ""Shuffleboard"" refers to a game where players use cues to push weighted discs down a long and smooth playing surface, aiming to land them in scoring areas. It is a popular recreational activity often played in bars, cruise ships, and retirement communities. "
Skateboarding,Skateboarding,"The action ""Skateboarding"" refers to riding and performing tricks on a skateboard, typically on ramps, streets, or skate parks. It is a popular recreational activity and a professional sport. "
Skiing,Skiing,"The action ""Skiing"" refers to the recreational activity of gliding over snow using skis, typically downhill or on a slope. It involves using specialized equipment and techniques to navigate the snowy terrain. "
Slacklining,Slacklining,"The action ""Slacklining"" refers to the act of balancing and walking on a flat, flexible webbing that is tensioned between two anchor points. It requires core strength and focus to maintain balance and perform tricks. "
Smokingacigarette,Smoking a cigarette,"The action ""Smoking a cigarette"" refers to the act of inhaling and exhaling smoke produced by burning a tobacco-filled cigarette. It is a common practice among individuals who are addicted to nicotine or use it for recreational purposes. "
Smokinghookah,Smoking hookah,"The action ""Smoking hookah"" refers to the act of inhaling tobacco smoke that is passed through a water pipe, typically flavored with various fruits or herbs. It is a social activity often enjoyed in groups, where individuals take turns inhaling the smoke through a hose connected to the hookah. "
Snatch,Snatch,"The action ""Snatch"" refers to a fast-paced and comedic crime film directed by Guy Ritchie, involving multiple interconnected storylines and characters in the underground world of organized crime. It follows a group of small-time criminals who get involved in a high-stakes diamond heist and face various obstacles and unexpected twists along the way. "
Snowtubing,Snow tubing,"The action ""Snow tubing"" refers to the activity of sliding down a snow-covered slope on an inflatable tube. It is a popular winter sport and recreational activity enjoyed by people of all ages. "
Snowboarding,Snowboarding,"The action ""Snowboarding"" refers to the recreational activity of descending a snow-covered slope on a snowboard, which is a flat board with bindings for the feet. It involves using various techniques and maneuvers to navigate the terrain and perform tricks."
Spinning,Spinning,"The action ""Spinning"" refers to the act of rotating or turning rapidly around a fixed axis, often done on a stationary bicycle or in a dance routine. It is a popular form of exercise that combines cardiovascular endurance, strength training, and rhythm-based movements."
Spreadmulch,Spread mulch,"The action ""Spread mulch"" refers to the process of evenly distributing a layer of organic material, such as wood chips or straw, over the soil surface in order to conserve moisture, suppress weed growth, and improve soil health. This helps to protect plants and promote their growth. "
Springboarddiving,Springboard diving,"The action ""Springboard diving"" refers to a sport where athletes perform acrobatic dives from a springboard into a pool, showcasing their skill, technique, and grace. It involves a combination of flips, twists, and turns while maintaining control and precision in the air and upon entry into the water. "
Startingacampfire,Starting a campfire,"The action ""Starting a campfire"" refers to the process of igniting a fire using various materials and techniques in an outdoor setting, typically for cooking, warmth, or recreational purposes. It involves gathering firewood, arranging it in a suitable manner, and using a match or other ignition source to initiate the fire."
Sumo,Sumo,"The action ""Sumo"" refers to a traditional Japanese style of wrestling where two wrestlers, known as ""rikishi,"" attempt to force each other out of a circular ring or to touch the ground with any body part other than the soles of their feet. It is a highly ritualized and disciplined sport that requires strength, technique, and strategy. "
Surfing,Surfing,"The action ""Surfing"" refers to riding on the surface of waves using a surfboard, typically in the ocean. It involves balancing and maneuvering on the waves to experience the thrill and excitement of gliding across the water. "
Swimming,Swimming,"The action ""Swimming"" refers to the act of propelling oneself through water using the arms and legs in a coordinated motion. It is a popular recreational activity and competitive sport that offers various health benefits. "
Swingingattheplayground,Swinging at the playground,"The action ""Swinging at the playground"" refers to the act of sitting on a swing and moving back and forth using the legs to push off the ground, typically found in a designated play area. It is a recreational activity enjoyed by children and sometimes adults. "
Tablesoccer,Table soccer,"The action ""Table soccer"" refers to a game where two teams of players compete against each other by controlling miniature soccer players on a tabletop. The objective is to score goals by maneuvering the players and hitting a small ball into the opponent's goal. "
Taichi,Tai chi,"The action ""Tai chi"" refers to a traditional Chinese martial art that involves slow, flowing movements and deep breathing techniques to promote balance, flexibility, and relaxation. It is often practiced for its health benefits and as a form of meditation. "
Tango,Tango,"The action ""Tango"" refers to a type of dance that originated in the late 19th century in Argentina and Uruguay, characterized by intricate footwork and passionate movements. It is often performed by a couple and is known for its dramatic and sensual style. "
Tennisservewithballbouncing,Tennis serve with ball bouncing,"The action ""Tennis serve with ball bouncing"" refers to the act of hitting the tennis ball into play by bouncing it on the ground before serving it over the net. This technique is commonly used in tennis to add spin and control to the serve."
Throwingdarts,Throwing darts,"The action ""Throwing darts"" refers to the act of propelling small pointed objects, called darts, towards a target using a throwing motion. It is often played as a recreational game or as a competitive sport. "
Trimmingbranchesorhedges,Trimming branches or hedges,"The action ""Trimming branches or hedges"" refers to the process of cutting and shaping the branches or foliage of trees or shrubs to maintain their desired size, shape, or appearance. It is typically done using pruning tools such as shears or hedge trimmers. "
Triplejump,Triple jump,"The action ""Triple jump"" refers to a track and field event where athletes take three consecutive jumps, consisting of a hop, a step, and a jump, to cover the maximum distance possible. It requires a combination of speed, strength, and technique to achieve a long jump. "
Tugofwar,Tug of war,"The action ""Tug of war"" refers to a competitive game where two teams pull on opposite ends of a rope, with the goal of trying to bring the rope over a designated line on their side. The team that successfully pulls the rope over the line wins the game."
Tumbling,Tumbling,"The action ""Tumbling"" refers to a series of acrobatic movements performed on the ground, such as flips, somersaults, and cartwheels. It requires strength, flexibility, and coordination to execute these movements fluidly and safely. "
Usingparallelbars,Using parallel bars,"The action ""Using parallel bars"" refers to the act of performing exercises or movements while holding onto two horizontal bars that are parallel to each other, typically used in gymnastics or physical therapy for upper body strength and stability training. These bars provide support and stability for various exercises such as dips, push-ups, and leg raises."
Usingthebalancebeam,Using the balance beam,"The action ""Using the balance beam"" refers to the act of performing various exercises or movements on a narrow, elevated beam, typically used in gymnastics or balance training. It involves maintaining balance, coordination, and control while executing different skills and routines on the beam. "
Usingthemonkeybar,Using the monkey bar,"The action ""Using the monkey bar"" refers to the act of gripping and swinging from a horizontal bar, typically found on playgrounds, to exercise and improve upper body strength and coordination. It involves hanging from the bar with both hands and using the arms to pull the body up and across the bar. "
Usingthepommelhorse,Using the pommel horse,"The action ""Using the pommel horse"" refers to performing gymnastic exercises on a specialized apparatus called the pommel horse, which involves swinging, circling, and balancing movements. It is commonly used in artistic gymnastics routines to showcase strength, flexibility, and coordination. "
Usingtherowingmachine,Using the rowing machine,"The action ""Using the rowing machine"" refers to engaging in a cardiovascular exercise by sitting on a machine with a sliding seat and pulling on a handle attached to a resistance mechanism, simulating the motion of rowing a boat. It is a popular workout choice for improving cardiovascular fitness, building strength, and burning calories. "
Usingunevenbars,Using uneven bars,"The action ""Using uneven bars"" refers to a gymnastics routine performed on a set of parallel bars of different heights, where the gymnast swings, flips, and transitions between the bars using various techniques and skills. It is a challenging and dynamic event that showcases strength, flexibility, and precision. "
Vacuumingfloor,Vacuuming floor,"The action ""Vacuuming floor"" refers to the process of using a vacuum cleaner to remove dirt, dust, and debris from the surface of a floor. It involves running the vacuum cleaner over the floor in a systematic manner to ensure thorough cleaning."
Volleyball,Volleyball,"The action ""Volleyball"" refers to a team sport played on a court, where two teams of six players each try to score points by hitting a ball over a net and into the opponent's court, using only their hands or arms. The objective is to prevent the ball from touching the ground on their side and to successfully land it in the opponent's court. "
Wakeboarding,Wakeboarding,"The action ""Wakeboarding"" refers to a water sport where a person is towed behind a motorboat or cable system and rides on a board, similar to a snowboard, while performing tricks and jumps on the surface of the water. It combines elements of water skiing, snowboarding, and surfing. "
Walkingthedog,Walking the dog,"The action ""Walking the dog"" refers to the act of taking a dog for a walk outside, typically on a leash, to provide exercise and mental stimulation for the dog. It is a common responsibility of dog owners to ensure their pets get regular walks to maintain their physical and mental well-being. "
Washingdishes,Washing dishes,"The action ""Washing dishes"" refers to the process of cleaning and removing dirt or food residue from dishes, utensils, and cookware using water, detergent, and scrubbing. It is a common household chore performed to maintain cleanliness and hygiene in the kitchen. "
Washingface,Washing face,"The action ""Washing face"" refers to the act of cleansing the face using water and a cleanser or soap to remove dirt, oil, and impurities from the skin. It is typically done as part of a daily skincare routine to maintain cleanliness and promote healthy skin. "
Washinghands,Washing hands,"The action ""Washing hands"" refers to the act of cleaning one's hands using water and soap or hand sanitizer to remove dirt, germs, and bacteria. It is an essential hygiene practice to prevent the spread of diseases and maintain personal cleanliness. "
Waterskiing,Waterskiing,"The action ""Waterskiing"" refers to the recreational activity of being pulled behind a boat while standing on skis and gliding on the surface of the water. It involves maintaining balance and control while navigating through the water at high speeds. "
Waxingskis,Waxing skis,"The action ""Waxing skis"" refers to the process of applying a layer of wax to the base of skis to improve their performance and glide on snow. It helps to reduce friction and increase control while skiing. "
Welding,Welding,"The action ""Welding"" refers to the process of joining two or more pieces of metal together by melting and fusing them using heat and pressure. It is commonly used in construction, manufacturing, and repair industries to create strong and durable connections between metal components. "
Windsurfing,Windsurfing,"The action ""Windsurfing"" refers to a water sport where a person stands on a board and uses a sail to harness the power of the wind to move across the water. It combines elements of both sailing and surfing. "
Wrappingpresents,Wrapping presents,"The action ""Wrapping presents"" refers to the process of covering gifts with decorative paper and adding ribbons or bows to create a visually appealing package. It is typically done during special occasions or holidays to enhance the presentation of the gifts. "
Zumba,Zumba,"The action ""Zumba"" refers to a high-energy dance fitness program that combines Latin and international music with choreographed dance moves. It is designed to provide a fun and effective workout for people of all fitness levels."