original,manual,category,gpt
air conditioning noise,air conditioning noise,others,"The action ""air conditioning noise"" refers to the sound produced by an air conditioning system when it is in operation. It can include various types of sounds such as humming, buzzing, or rattling, which may be caused by the compressor, fan, or other components of the system."
air horn,air horn,vehicle,"The action ""air horn"" refers to the act of producing a loud, piercing sound by releasing compressed air through a horn-shaped device. It is often used to grab attention or signal an alarm in various settings such as sporting events, concerts, or emergency situations."
airplane,airplane,vehicle,"The action ""airplane"" refers to the act of flying or operating an aircraft in the air. It involves the use of wings and engines to generate lift and propulsion, allowing the aircraft to travel through the atmosphere. "
airplane flyby,airplane flyby,vehicle,"The action ""airplane flyby"" refers to the act of an airplane flying close to the ground or a specific location, often for display or demonstration purposes. It is commonly used in airshows or military events to showcase the aircraft's capabilities and provide a visual spectacle for the audience. "
alarm clock ringing,alarm clock ringing,others,"The action ""alarm clock ringing"" refers to the sound produced by an alarm clock to wake someone up at a specific time. It is a common method used to alert individuals and signal the start of their day. "
ambulance siren,ambulance siren,vehicle,"The action ""ambulance siren"" refers to the sound produced by an ambulance to alert other drivers and pedestrians of its presence and to clear the way for the emergency vehicle. It is a high-pitched, loud and distinctive sound that is easily recognizable. "
arc welding,arc welding,tools,"The action ""arc welding"" refers to a process in which two metal pieces are joined together using an electric arc. This arc creates intense heat, melting the metal and allowing it to fuse together. "
"race car, auto racing",auto racing,vehicle,"The action ""auto racing"" refers to a competitive sport where drivers race against each other in specially designed cars on a track or circuit, aiming to complete the course in the shortest amount of time. It involves high speeds, skillful maneuvering, and strategic decision-making. "
baby babbling,baby babbling,people,"The action ""baby babbling"" refers to the vocalizations made by infants between the ages of 6 to 12 months, characterized by repetitive syllables and sounds that do not have specific meaning or purpose. It is a natural part of language development and serves as a precursor to actual speech. "
baby crying,baby crying,people,"The action ""baby crying"" refers to the sound and behavior exhibited by a baby when they are upset, uncomfortable, or in need of attention. It is a natural instinct for babies to cry as a means of communication and expressing their needs. "
baby laughter,baby laughter,people,"The action ""baby laughter"" refers to the sound or act of a baby laughing, which is often characterized by high-pitched and joyful sounds. It is a natural response to stimuli that brings amusement or happiness to the baby. "
baltimore oriole calling,baltimore oriole calling,animals,"The action ""baltimore oriole calling"" refers to the vocalization made by a Baltimore oriole bird, which is a distinctive and melodic song used for communication and attracting mates. It is characterized by a series of clear, flute-like whistles and is often heard during the breeding season. "
barn swallow calling,barn swallow calling,animals,"The action ""barn swallow calling"" refers to the vocalization made by barn swallows, a species of bird, as a form of communication or to attract a mate. It is a distinctive chirping or twittering sound that is often heard during their breeding season. "
basketball bounce,basketball bounce,sports,"The action ""basketball bounce"" refers to the act of dribbling a basketball by repeatedly bouncing it off the floor using one hand while moving or stationary. It is a fundamental skill in basketball that allows players to maintain control of the ball and maneuver around the court. "
bathroom ventilation fan running,bathroom ventilation fan running,home,"The action ""bathroom ventilation fan running"" refers to the operation of a fan installed in a bathroom to remove moisture, odors, and pollutants from the air. It helps to improve air quality and prevent the growth of mold and mildew. "
beat boxing,beat boxing,people,"The action ""beat boxing"" refers to creating rhythmic sounds, beats, and musical effects using only the mouth, lips, tongue, and voice. It is a form of vocal percussion that imitates drum machines and other musical instruments. "
"bee, wasp, etc. buzzing",bee buzzing,animals,"The action ""bee buzzing"" refers to the sound produced by bees as they fly from flower to flower, collecting nectar and pollen. It is a characteristic sound that is often associated with the presence of bees in an area. "
"bird chirping, tweeting",bird chirping,animals,"The action ""bird chirping"" refers to the sound made by birds, typically in the form of short, high-pitched and repetitive vocalizations. It is a common form of communication among birds, used for various purposes such as attracting mates, defending territory, or signaling danger. "
bird squawking,bird squawking,animals,"The action ""bird squawking"" refers to the loud and harsh vocalization made by birds, often as a form of communication or to establish territory. It is characterized by sharp and repetitive calls or cries. "
bird wings flapping,bird wings flapping,animals,"The action ""bird wings flapping"" refers to the movement of a bird's wings as they rapidly beat up and down in order to generate lift and propel the bird through the air. This action is essential for birds to fly and maintain their airborne position. "
black capped chickadee calling,black capped chickadee calling,animals,"The action ""black capped chickadee calling"" refers to the vocalization made by a black capped chickadee, a small songbird, typically characterized by a distinctive ""chick-a-dee-dee-dee"" call. This vocalization is used for communication, territorial defense, and attracting mates. "
blowtorch igniting,blowtorch igniting,tools,"The action ""blowtorch igniting"" refers to the process of starting or lighting a blowtorch, which involves igniting the fuel source to produce a flame for various purposes such as welding or soldering. "
bouncing on trampoline,bouncing on trampoline,sports,"The action ""bouncing on trampoline"" refers to the act of repeatedly jumping up and down on a flexible surface supported by springs, typically for recreational or exercise purposes. It involves using the trampoline's elasticity to propel oneself into the air and experience a feeling of weightlessness before landing back on the surface. "
bowling impact,bowling impact,sports,"The action ""bowling impact"" refers to the moment when the bowler releases the ball and it makes contact with the pins, resulting in the potential for a strike or spare. It is a crucial moment in the game of bowling that determines the outcome of each frame. "
bull bellowing,bull bellowing,animals,"The action ""bull bellowing"" refers to the loud and deep vocalization made by a male bull, typically as a display of dominance or during mating season. It is characterized by a deep, resonant sound that can be heard over long distances."
canary calling,canary calling,animals,"The action ""canary calling"" refers to the practice of regularly checking in with a designated person or group to ensure their safety or well-being. It is often used in situations where individuals may be at risk or in hazardous environments."
cap gun shooting,cap gun shooting,others,"The action ""cap gun shooting"" refers to the act of firing a toy gun that uses small explosive caps to create a loud noise and a small burst of smoke, simulating the sound and effect of a real firearm. It is often used in children's play or as a form of entertainment. "
car engine idling,car engine idling,vehicle,"The action ""car engine idling"" refers to the state when a car's engine is running but the vehicle is not in motion. It typically occurs when the car is stationary, such as when waiting at a traffic light or parked with the engine running. "
car engine knocking,car engine knocking,vehicle,"The action ""car engine knocking"" refers to the sound produced by the engine when there is improper combustion of fuel, resulting in a knocking or pinging noise. It is typically caused by issues such as low-quality fuel, incorrect ignition timing, or carbon buildup in the combustion chamber. "
car engine starting,car engine starting,vehicle,"The action ""car engine starting"" refers to the process of igniting the fuel in a car's engine, which initiates the combustion process and allows the engine to run. This action typically involves turning the ignition key or pressing a button to activate the starter motor. "
car passing by,car passing by,vehicle,"The action ""car passing by"" refers to the movement of a car as it drives past a particular location or person. It involves the car traveling at a certain speed and distance, typically on a road or street. "
cat caterwauling,cat caterwauling,animals,"The action ""cat caterwauling"" refers to the loud and intense vocalization of a cat, often characterized by a combination of yowling, howling, and screeching sounds. It is typically associated with mating behavior or territorial disputes. "
cat growling,cat growling,animals,"The action ""cat growling"" refers to the vocalization made by a cat, characterized by low, guttural sounds, usually indicating aggression, fear, or territoriality. It is a warning sign that the cat may attack if provoked or threatened. "
cat hissing,cat hissing,animals,"The action ""cat hissing"" refers to the sound and behavior exhibited by a cat when it feels threatened or agitated, characterized by a prolonged, low-pitched noise and a defensive posture with raised fur and arched back. It is a warning signal to communicate its discomfort and to deter potential threats. "
cat meowing,cat meowing,animals,"The action ""cat meowing"" refers to the vocalization made by a cat, typically characterized by a high-pitched sound produced by the vibration of their vocal cords. It is a way for cats to communicate with humans and other animals, expressing various emotions or needs. "
cat purring,cat purring,animals,"The action ""cat purring"" refers to the soft vibrating sound that a cat makes when it is content or relaxed. It is a form of communication that signifies their happiness and well-being. "
"cattle, bovinae cowbell",cattle cowbell,animals,"The action ""cattle cowbell"" refers to attaching a bell around the neck of a cow to help locate and track the herd. It is commonly used in farming and ranching to easily identify the whereabouts of the cattle. "
cattle mooing,cattle mooing,animals,"The action ""cattle mooing"" refers to the sound made by cows, typically characterized as a low-pitched, repetitive vocalization. It is a form of communication used by cattle to express various emotions or to communicate with other members of their herd. "
cell phone buzzing,cell phone buzzing,others,"The action ""cell phone buzzing"" refers to the vibration or buzzing sound that a cell phone makes when it receives a notification or call. It is a common way for cell phones to alert their users of incoming messages or calls without making a loud noise. "
chainsawing trees,chainsawing trees,vehicle,"The action ""chainsawing trees"" refers to the act of using a chainsaw to cut down or trim trees. It is a common method used in forestry and tree removal to efficiently and quickly remove trees. "
cheetah chirrup,cheetah chirrup,animals,"The action ""cheetah chirrup"" refers to the high-pitched vocalization made by cheetahs, which is a unique sound that resembles a combination of a purr and a bird chirp. It is often used by cheetahs to communicate with each other or to express excitement or contentment. "
chicken clucking,chicken clucking,animals,"The action ""using sewing machines"" refers to the process of operating and manipulating sewing machines to stitch fabric and create garments or other textile products. It involves feeding fabric through the machine, selecting appropriate stitches, and controlling the speed and direction of the machine to achieve desired sewing outcomes. "
chicken crowing,chicken crowing,animals,"The action ""chicken crowing"" refers to the loud and distinctive sound made by a rooster, typically in the early morning, as a way of establishing its territory and communicating with other chickens. It is a natural behavior that is often associated with rural or farm settings. "
child singing,child singing,people,"The action ""child singing"" refers to the act of a young person producing musical sounds with their voice, often in a melodic or rhythmic manner. It typically involves the use of words or sounds to create a song or vocal performance. "
children shouting,children shouting,people,"The action ""children shouting"" refers to the act of young individuals raising their voices loudly and expressing themselves vocally in a boisterous manner. It typically involves multiple children engaging in vocalization simultaneously. "
chimpanzee pant-hooting,chimpanzee pant-hooting,animals,"The action ""chimpanzee pant-hooting"" refers to a vocalization behavior exhibited by chimpanzees, characterized by a series of rhythmic panting sounds followed by loud hoots. It is often used as a form of communication to convey excitement, aggression, or to rally group members. "
chinchilla barking,chinchilla barking,animals,"The action ""chinchilla barking"" refers to the vocalization made by chinchillas, which sounds like a series of high-pitched barks or chirps. It is a form of communication used by chinchillas to express various emotions or to warn others of potential danger. "
chipmunk chirping,chipmunk chirping,animals,"The action ""chipmunk chirping"" refers to the high-pitched vocalization made by chipmunks, which is characterized by rapid and repetitive chirping sounds. It is a form of communication used by chipmunks to signal danger, establish territory, or attract mates. "
chopping food,chopping food,home,"The action ""chopping food"" refers to the process of cutting ingredients into smaller pieces using a knife or other cutting tool. It is commonly done to prepare ingredients for cooking or to create uniform pieces for presentation. "
chopping wood,chopping wood,others,"The action ""chopping wood"" refers to the act of using a sharp tool, such as an axe or a hatchet, to cut or split pieces of wood into smaller, manageable pieces. It is commonly done for various purposes, including firewood, construction, or crafting. "
church bell ringing,church bell ringing,music,"The action ""church bell ringing"" refers to the act of sounding a bell or bells in a church tower or steeple, typically to mark the time, call people to worship, or announce a special event or occasion. It is a traditional practice in many Christian denominations and is often associated with the solemnity and significance of religious ceremonies. "
civil defense siren,civil defense siren,others,"The action ""civil defense siren"" refers to the activation of a loud warning system used to alert the public in case of emergencies or imminent threats such as natural disasters, attacks, or other hazardous situations. These sirens are typically placed in public areas and emit a distinct sound to grab attention and prompt people to take necessary precautions or seek shelter. "
cow lowing,cow lowing,animals,"The action ""cow lowing"" refers to the sound made by a cow, typically a deep, resonant mooing sound. It is a vocalization used by cows to communicate with other members of their herd or to express their emotions. "
coyote howling,coyote howling,animals,"The action ""coyote howling"" refers to the vocalization made by coyotes, which typically involves a series of high-pitched yips, howls, and barks. It is a form of communication used by coyotes to establish territory, locate pack members, and communicate with other coyotes in the area. "
cricket chirping,cricket chirping,animals,"The action ""cricket chirping"" refers to the sound produced by crickets as they rub their wings together to attract mates or establish territory. It is a characteristic behavior of crickets and is often associated with warm summer nights. "
"alligators, crocodiles hissing",crocodiles hissing,animals,"The action ""otter growling"" refers to the vocalization made by otters, typically in response to a perceived threat or during territorial disputes, characterized by low-pitched, guttural sounds. It is a form of communication used by otters to assert dominance or warn others. "
crow cawing,crow cawing,animals,"The action ""crow cawing"" refers to the sound made by a crow, typically a loud and harsh call, often repeated in a series. It is a vocalization used by crows for communication and territorial defense. "
cuckoo bird calling,cuckoo bird calling,animals,"The action ""cuckoo bird calling"" refers to the vocalization made by cuckoo birds, which is a distinctive and repetitive call that is often used for territorial defense or attracting mates. It is characterized by a series of two-syllable notes that sound like ""cuck-oo."" "
cupboard opening or closing,cupboard opening or closing,home,"The action ""cupboard opening or closing"" refers to the act of either opening or closing a cupboard, typically done to access or store items inside. It involves the movement of the cupboard door or doors to either reveal or conceal the contents of the cupboard. "
cutting hair with electric trimmers,cutting hair with electric trimmers,tools,"The action ""cutting hair with electric trimmers"" refers to the process of using a handheld device that runs on electricity to trim or style hair. It involves using the trimmers to remove or shorten hair strands to achieve the desired hairstyle. "
dinosaurs bellowing,dinosaurs bellowing,animals,"The action ""dinosaurs bellowing"" refers to the loud and deep vocalizations made by dinosaurs, which were likely used for communication or territorial displays. These bellows could have been heard over long distances and were an important aspect of dinosaur behavior. "
disc scratching,disc scratching,music,"The action ""disc scratching"" refers to the technique of manipulating vinyl records on a turntable to create rhythmic and percussive sounds by manually moving the record back and forth under the needle. It is commonly used in DJing and hip-hop music production. "
dog barking,dog barking,animals,"The action ""dog barking"" refers to the vocalization made by a dog, typically characterized by a series of short, sharp, and repetitive sounds. It is a common form of communication used by dogs to express various emotions or to alert their owners of potential threats or intruders. "
dog baying,dog baying,animals,"The action ""dog baying"" refers to the loud, prolonged howling or barking sound made by a dog, often used to communicate or alert others. It is typically characterized by a deep, resonant tone and is commonly associated with hunting or guarding instincts. "
dog bow-wow,dog bow-wow,animals,"The action ""dog bow-wow"" refers to the sound that a dog makes, typically described as a barking or howling noise. It is a vocalization commonly associated with dogs. "
dog growling,dog growling,animals,"The action ""dog growling"" refers to the vocalization made by a dog, characterized by a low, rumbling sound, typically as a warning or sign of aggression. It is a natural behavior exhibited by dogs in certain situations to communicate their discomfort or territoriality. "
dog howling,dog howling,animals,"The action ""dog howling"" refers to the vocalization made by a dog where it produces a long, loud, and mournful sound. It is often a form of communication or expression of emotions such as loneliness, fear, or territoriality. "
dog whimpering,dog whimpering,animals,"The action ""dog whimpering"" refers to the sound and behavior of a dog making soft, high-pitched cries or whines, often indicating distress, pain, or a desire for attention or comfort. It is a vocalization commonly exhibited by dogs in various situations. "
"donkey, ass braying",donkey braying,animals,"The action ""donkey braying"" refers to the loud and distinctive vocalization made by a donkey, characterized by a series of loud, harsh, and prolonged braying sounds. It is a form of communication used by donkeys to express various emotions or to communicate with other donkeys. "
door slamming,door slamming,home,"The action ""door slamming"" refers to forcefully closing a door with a loud noise, often done out of frustration or anger. It is a physical expression of emotions that can convey annoyance or a desire for privacy. "
driving buses,driving buses,vehicle,"The action ""driving buses"" refers to operating and maneuvering buses to transport passengers from one location to another. It involves following traffic rules, ensuring passenger safety, and maintaining a schedule. "
driving motorcycle,driving motorcycle,vehicle,"The action ""driving motorcycle"" refers to operating a two-wheeled vehicle with an engine, using the handlebars to steer and the throttle to control speed. It typically involves balancing the motorcycle and maneuvering through traffic or on open roads. "
driving snowmobile,driving snowmobile,vehicle,"The action ""driving snowmobile"" refers to operating a motorized vehicle designed for travel over snow or ice, typically used for recreational purposes or transportation in snowy regions. It involves maneuvering the snowmobile on various terrains and controlling its speed and direction. "
duck quacking,duck quacking,animals,"The action ""duck quacking"" refers to the sound made by a duck, characterized by a series of rapid, high-pitched vocalizations. It is a form of communication used by ducks to express various emotions or to communicate with other ducks. "
eagle screaming,eagle screaming,animals,"The action ""eagle screaming"" refers to the loud and piercing vocalization made by an eagle, often used for communication or territorial defense. It is characterized by high-pitched and intense calls that can be heard over long distances. "
eating with cutlery,eating with cutlery,home,"The action ""eating with cutlery"" refers to the act of using utensils such as forks, knives, and spoons to consume food. It involves manipulating the cutlery to pick up and convey food to the mouth for ingestion. "
electric grinder grinding,electric grinder grinding,tools,"The action ""electric grinder grinding"" refers to the process of using an electric grinder to crush or pulverize a material into smaller particles or powder. It is commonly used in various industries such as food processing, construction, and metalworking. "
"electric shaver, electric razor shaving",electric razor shaving,home,"The action ""electric razor shaving"" refers to the process of using an electric device with rotating or oscillating blades to remove hair from the face or body. It is a convenient and efficient method of shaving that does not require the use of shaving cream or water. "
elephant trumpeting,elephant trumpeting,animals,"The action ""elephant trumpeting"" refers to the loud, trumpet-like sound made by elephants as a form of communication or to express emotions such as excitement, aggression, or distress. It is produced by the elephant's trunk and vocal cords. "
eletric blender running,eletric blender running,tools,"The action ""electric blender running"" refers to the process of a blender machine being turned on and operating, typically used for blending or mixing ingredients to create a smooth or consistent texture. "
elk bugling,elk bugling,animals,"The action ""elk bugling"" refers to the vocalization made by male elk during the mating season, which involves a series of loud, high-pitched calls or bugles. This behavior is used to attract female elk and establish dominance among competing males. "
"engine accelerating, revving, vroom",engine accelerating,vehicle,"The action ""engine accelerating"" refers to the process of increasing the speed or power output of an engine, typically in response to the driver's input or to overcome resistance. It involves the adjustment of fuel and air intake to generate more energy and propel the vehicle forward. "
female singing,female singing,people,"The action ""female singing"" refers to the act of a woman using her voice to produce musical sounds or melodies. It involves the use of vocal techniques and expression to convey emotions and communicate through music. "
ferret dooking,ferret dooking,animals,"The action ""ferret dooking"" refers to the high-pitched vocalization made by ferrets, often described as a combination of a chuckle and a sneeze, which they use to communicate with each other. It is a common behavior observed during play or when they are excited. "
fire crackling,fire crackling,nature,"The action ""fire crackling"" refers to the sound produced by a fire when it burns and makes a series of small, sharp, and popping noises. It is a characteristic sound associated with the combustion process of a fire. "
fire truck siren,fire truck siren,vehicle,"The action ""fire truck siren"" refers to the loud, distinctive sound produced by the siren on a fire truck, which is used to alert pedestrians and other vehicles of its presence and to clear the way for the fire truck. It is typically a high-pitched, continuous wailing sound."
fireworks banging,fireworks banging,others,"The action ""fireworks banging"" refers to the act of setting off fireworks, resulting in loud explosions and colorful displays in the sky. It is often done during celebrations or special events to create a festive atmosphere. "
firing cannon,firing cannon,others,"The action ""firing cannon"" refers to the act of igniting and launching a cannonball from a cannon, typically used in warfare or ceremonial events. It involves loading the cannon with gunpowder, aiming it at a target, and then igniting the gunpowder to propel the cannonball forward. "
firing muskets,firing muskets,others,"The action ""firing muskets"" refers to the act of discharging muskets, which are long-barreled firearms, typically used by infantry soldiers in the past. It involves loading gunpowder and a projectile into the musket, aiming, and pulling the trigger to release a shot. "
"fly, housefly buzzing",fly buzzing,animals,"The action ""fly buzzing"" refers to the sound made by a fly when it rapidly moves its wings, producing a high-pitched buzzing noise. It is a common characteristic of flies and is often associated with their presence. "
foghorn,foghorn,others,"The action ""foghorn"" refers to producing a loud, deep, and resonant sound, similar to that of a foghorn, typically by blowing into a horn or other instrument. It is often used as a signal or warning in maritime settings or to create a dramatic effect in performances or events. "
footsteps on snow,footsteps on snow,people,"The action ""footsteps on snow"" refers to the sound and impression left by someone walking on a snowy surface. It is characterized by a distinct crunching sound and the visible marks or imprints left behind in the snow. "
forging swords,forging swords,tools,"The action ""forging swords"" refers to the process of shaping and creating swords by heating and hammering metal. It involves skilled craftsmanship and is often done by blacksmiths using traditional techniques. "
fox barking,fox barking,animals,"The action ""fox barking"" refers to the vocalization made by foxes, which is a high-pitched and repetitive sound resembling a bark. It is often used as a form of communication between foxes or as a warning signal. "
francolin calling,francolin calling,animals,"The action ""francolin calling"" refers to the vocalization made by francolin birds, which is a distinctive and repetitive call used for communication and territorial defense. It is characterized by a series of short, loud, and rapid notes. "
frog croaking,frog croaking,animals,"The action ""frog croaking"" refers to the sound produced by a frog, typically a deep, resonant, and repetitive call, often heard during the mating season. It is a vocalization used by male frogs to attract females and establish territory. "
gibbon howling,gibbon howling,animals,"The action ""gibbon howling"" refers to the vocalization behavior of gibbons, which involves loud and melodious calls that are used for communication and territorial defense. These calls are characterized by a series of hoots, whoops, and wails. "
goat bleating,goat bleating,animals,"The action ""goat bleating"" refers to the vocalization made by goats, characterized by a high-pitched, repetitive sound. It is a form of communication used by goats to express various emotions such as hunger, distress, or mating calls. "
golf driving,golf driving,sports,"The action ""golf driving"" refers to the act of hitting a golf ball with a driver club off a tee, typically on the first shot of each hole. It is used to achieve maximum distance and set up the subsequent shots on the golf course. "
goose honking,goose honking,animals,"The action ""goose honking"" refers to the loud and distinctive sound made by a goose, often used as a form of communication or warning. It is a vocalization produced by the goose by expelling air through its throat and vocal cords."
hail,hail,nature,"The action ""hail"" refers to the act of calling out or greeting someone enthusiastically, often by waving or shouting. It is a way to get someone's attention or show appreciation. "
hair dryer drying,hair dryer drying,home,"The action ""hair dryer drying"" refers to the process of using a hair dryer to remove moisture from wet hair by blowing hot air onto it. This helps to speed up the drying process and style the hair. "
hammering nails,hammering nails,tools,"The action ""hammering nails"" refers to the act of using a hammer to drive nails into a surface, typically wood, in order to secure or join different pieces together. It is a common practice in construction, carpentry, and various DIY projects. "
"heart sounds, heartbeat",heart sounds,people,"The action ""heart sounds"" refers to the audible vibrations produced by the beating of the heart, which can be heard using a stethoscope. These sounds are created by the opening and closing of the heart valves and provide important information about the functioning of the heart. "
hedge trimmer running,hedge trimmer running,tools,"The action ""hedge trimmer running"" refers to the operation of a tool or machine used for cutting and shaping hedges or shrubs, where the trimmer's motor is turned on and the cutting blades are in motion. It is typically used for maintaining the appearance and neatness of outdoor green spaces. "
helicopter,helicopter,vehicle,"The action ""helicopter"" refers to the act of flying or maneuvering a helicopter, which is a type of aircraft that uses rotating blades to generate lift and propulsion. It is commonly used for transportation, rescue operations, and military purposes. "
horse clip-clop,horse clip-clop,animals,"The action ""horse clip-clop"" refers to the rhythmic sound made by a horse's hooves hitting the ground while walking or trotting. It is a distinctive sound associated with horses in motion. "
horse neighing,horse neighing,animals,"The action ""horse neighing"" refers to the vocalization made by a horse, characterized by a high-pitched and loud sound, often used as a form of communication or expression of excitement or distress. It is a distinctive sound produced by the horse through the vibration of its vocal cords. "
ice cracking,ice cracking,others,"The action ""ice cracking"" refers to the process of frozen water breaking apart and creating fissures or fractures due to changes in temperature or pressure. It is a natural phenomenon commonly observed in frozen bodies of water such as lakes, rivers, or glaciers."
"ice cream truck, ice cream van",ice cream truck,vehicle,"The action ""ice cream truck"" refers to the act of a mobile vehicle selling ice cream and other frozen treats to customers, typically driving around neighborhoods or parks. It is a popular and nostalgic experience for many, especially during the summer months. "
"rowboat, canoe, kayak rowing",kayak rowing,sports,"The action ""kayak rowing"" refers to the act of propelling a kayak through the water using a paddle, with the rower sitting facing forward and using alternating strokes on either side of the kayak. It is a popular recreational activity and a competitive sport. "
"child speech, kid speaking",kid speaking,people,"The action ""kid speaking"" refers to a child verbally expressing their thoughts, ideas, or feelings using words and language. It involves the act of communication by a young individual through speaking. "
lathe spinning,lathe spinning,others,"The action ""lathe spinning"" refers to the process of rotating a workpiece on a lathe machine to shape or cut it using various cutting tools. It is commonly used in woodworking, metalworking, and other manufacturing industries. "
lawn mowing,lawn mowing,vehicle,"The action ""lawn mowing"" refers to the act of cutting the grass in a yard or garden using a lawnmower. It is a common maintenance task to keep the lawn neat and tidy."
lighting firecrackers,lighting firecrackers,others,"The action ""lighting firecrackers"" refers to the act of igniting small explosive devices typically used for celebration or entertainment purposes, which produce loud noises and bright flashes of light. It is often done during festive occasions such as New Year's Eve or other cultural celebrations. "
lions growling,lions growling,animals,"The action ""lions growling"" refers to the vocalization made by lions, characterized by deep, low-pitched rumbling sounds, often used as a form of communication or territorial display. It is a common behavior observed in lions, particularly during interactions with other lions or when defending their territory. "
lions roaring,lions roaring,animals,"The action ""lions roaring"" refers to the loud vocalization made by lions, typically to communicate with other members of their pride or to establish their presence in their territory. It is a distinctive and powerful sound that can be heard over long distances. "
lip smacking,lip smacking,people,"The action ""lip smacking"" refers to the movement of the lips and the sound produced when someone repeatedly presses their lips together and then separates them, often indicating pleasure or anticipation. It can also refer to the sound made when someone licks their lips in a suggestive or flirtatious manner."
machine gun shooting,machine gun shooting,others,"The action ""machine gun shooting"" refers to the act of firing a machine gun rapidly and continuously, typically resulting in a high volume of bullets being discharged. It is often used in military or combat situations to suppress enemy fire or provide cover. "
magpie calling,magpie calling,animals,"The action ""magpie calling"" refers to the act of imitating the vocalizations or sounds made by magpies, a type of bird known for their distinct calls. It is often done to attract or communicate with magpies or to study their behavior. "
male singing,male singing,people,"The action ""male singing"" refers to the act of a male individual producing musical sounds with their voice, typically in a melodic and rhythmic manner. It involves the use of vocal techniques and skills to convey emotions and communicate through the medium of music. "
"male speech, man speaking",man speaking,people,"The action ""man speaking"" refers to the act of a male individual verbally communicating or expressing thoughts, ideas, or information through speech. It involves the use of vocal cords and language to convey messages to others. "
metronome,metronome,music,"The action ""metronome"" refers to the rhythmic device used in music to keep a steady beat by producing regular, audible ticks or beats at a specific tempo. It is commonly used by musicians during practice or performances to maintain a consistent tempo. "
missile launch,missile launch,others,"The action ""missile launch"" refers to the act of propelling a missile from a launching device, typically with the intention of hitting a specific target. It involves the ignition and release of the missile, which can be guided or unguided, and is often used in military operations or as a deterrent. "
mosquito buzzing,mosquito buzzing,animals,"The action ""mosquito buzzing"" refers to the sound made by a mosquito when it flies near a person or object. It is a high-pitched, continuous buzzing noise that is often associated with the presence of mosquitoes. "
"motorboat, speedboat acceleration",motorboat acceleration,sports,"The action ""motorboat acceleration"" refers to the process of increasing the speed of a motorboat by applying more power to the engine, resulting in a faster movement through the water. It involves manipulating the throttle or engine controls to increase the rate at which the boat accelerates. "
mouse clicking,mouse clicking,others,"The action ""mouse clicking"" refers to the act of pressing and releasing the button on a computer mouse, typically used to select or interact with objects or elements on a screen. It is a common method of inputting commands or navigating through digital interfaces. "
mouse pattering,mouse pattering,animals,"The action ""mouse pattering"" refers to the sound or movement made by a mouse as it scurries across a surface. It is often characterized by a series of quick, light footsteps or the sound of tiny claws scratching against a hard surface. "
mouse squeaking,mouse squeaking,animals,"The action ""mouse squeaking"" refers to the high-pitched sound made by a mouse, typically as a form of communication or when it is in distress. It is a vocalization that is unique to mice and can serve various purposes in their social interactions and self-defense mechanisms. "
mynah bird singing,mynah bird singing,animals,"The action ""mynah bird singing"" refers to the vocalization of a mynah bird, which is known for its ability to mimic various sounds and even human speech. It involves the bird producing melodic and rhythmic sounds using its vocal apparatus. "
ocean burbling,ocean burbling,nature,"The action ""ocean burbling"" refers to the gentle and continuous sound produced by the movement of waves and water in the ocean, resembling a soothing bubbling or gurgling noise. It is a natural phenomenon that can be heard near the shore or on a calm day at sea. "
opening or closing car doors,opening or closing car doors,vehicle,"The action ""opening or closing car doors"" refers to the act of either unlocking and swinging open or shutting and locking the doors of a car. It is a common action performed by individuals when entering or exiting a vehicle."
opening or closing car electric windows,opening or closing car electric windows,vehicle,"The action ""opening or closing car electric windows"" refers to the act of using a switch or button to either raise or lower the windows of a car that are operated by an electric motor. This allows for ventilation or protection from external elements. "
opening or closing drawers,opening or closing drawers,home,"The action ""opening or closing drawers"" refers to the act of pulling or pushing a drawer to access or store items within it. It involves moving the drawer in a linear motion along its tracks or hinges. "
orchestra,orchestra,music,"The action ""orchestra"" refers to the act of organizing and conducting a group of musicians who play various instruments together to create harmonious music. It involves coordinating the different sections of the orchestra, such as strings, woodwinds, brass, and percussion, to perform a piece of music. "
otter growling,otter growling,animals,"The action ""otter growling"" refers to the vocalization made by otters, typically in response to a perceived threat or during territorial disputes, characterized by low-pitched, guttural sounds. It is a form of communication used by otters to assert dominance or warn others. "
owl hooting,owl hooting,animals,"The action ""owl hooting"" refers to the sound made by owls as a form of communication, typically during the night. It is a distinct and recognizable call that is often associated with the presence of owls in a particular area. "
parrot talking,parrot talking,animals,"The action ""parrot talking"" refers to the ability of a parrot to mimic and reproduce human speech or other sounds. It involves the parrot imitating and repeating words, phrases, or sounds that it has heard from its environment or been trained to say. "
penguins braying,penguins braying,animals,"The action ""penguins braying"" refers to the loud, trumpeting calls made by penguins, which are used for communication and locating their mates or chicks in a crowded colony. It is a distinctive vocalization that helps penguins establish and maintain social bonds within their group. "
people babbling,people babbling,people,"The action ""people babbling"" refers to a situation where multiple individuals are speaking simultaneously in a chaotic and unintelligible manner. It typically involves a lack of coherence and coordination among the speakers, resulting in a noisy and confusing conversation. "
people battle cry,people battle cry,people,"The action ""people battle cry"" refers to the collective shouting or yelling done by a group of individuals as a form of expression, motivation, or protest during a particular event or situation. It is often used to unite and rally people together towards a common cause or to display their emotions and determination. "
people belly laughing,people belly laughing,people,"The action ""people belly laughing"" refers to the act of individuals laughing heartily and uncontrollably, often accompanied by a visible movement of the abdomen. It is a genuine expression of amusement or joy that involves deep, hearty laughter. "
people booing,people booing,people,"The action ""people booing"" refers to a collective expression of disapproval or dissatisfaction by a group of individuals through the act of making loud, negative sounds or jeering. It is often done in response to a performance, speech, or event that is perceived as unfavorable or disappointing. "
people burping,people burping,people,"The action ""people burping"" refers to the act of expelling gas from the stomach through the mouth, often accompanied by a sound or odor. It is a natural bodily function that helps to release excess air or gas from the digestive system. "
people cheering,people cheering,people,"The action ""people cheering"" refers to a collective expression of joy, support, or celebration where a group of individuals vocalize their enthusiasm or approval through loud and enthusiastic shouts or applause. "
people clapping,people clapping,people,"The action ""people clapping"" refers to the act of individuals striking their hands together repeatedly as a form of applause or appreciation. It is a common gesture used to show approval or support during events or performances."
people coughing,people coughing,people,"The action ""people coughing"" refers to the act of expelling air from the lungs forcefully and audibly through the mouth due to irritation or illness. It is a common reflex to clear the airways of mucus, irritants, or foreign particles. "
people crowd,people crowd,people,"The action ""people crowd"" refers to a situation where a large number of individuals gather closely together in a specific location, often resulting in a dense and congested space. This can occur during events, protests, or in crowded public areas. "
people eating,people eating,people,"The action ""people eating"" refers to the act of individuals consuming food for sustenance and nourishment. It involves the process of ingesting food through the mouth, chewing, and swallowing it to provide energy and nutrients to the body. "
people eating apple,people eating apple,people,"The action ""people eating apple"" refers to the act of individuals consuming apples as a form of nourishment or snack. It involves the process of biting, chewing, and swallowing the fruit. "
people eating crisps,people eating crisps,people,"The action ""people eating crisps"" refers to the act of individuals consuming potato chips or similar snack items. It involves the process of chewing and swallowing these crispy snacks for enjoyment or sustenance. "
people eating noodle,people eating noodle,people,"The action ""people eating noodle"" refers to the act of individuals consuming noodles as a meal or snack. It typically involves the use of utensils such as chopsticks or forks to pick up and consume the noodles. "
people farting,people farting,people,"The action ""people farting"" refers to the act of releasing gas from the digestive system through the anus, which is a natural bodily function. It is a common occurrence that can happen due to various factors such as digestion, diet, or gastrointestinal issues. "
people finger snapping,people finger snapping,people,"The action ""people finger snapping"" refers to the act of creating a snapping sound by quickly pressing the thumb and middle finger together and then releasing them. It is often used as a form of expression or rhythmic accompaniment. "
people gargling,people gargling,people,"The action ""people gargling"" refers to the act of forcefully swishing liquid in the throat and making a bubbling sound, typically done to clean or soothe the throat. It is a common practice for maintaining oral hygiene or relieving symptoms of a sore throat. "
people giggling,people giggling,people,"The action ""people giggling"" refers to the act of multiple individuals laughing softly or in a restrained manner, often due to finding something amusing or entertaining. It is a collective expression of amusement or joy through light laughter. "
people hiccup,people hiccup,people,"The action ""people hiccup"" refers to the involuntary contraction of the diaphragm muscle, causing a sudden intake of breath that is then abruptly stopped by the closure of the vocal cords, resulting in a distinctive sound. Hiccups are typically brief and harmless, but can sometimes be persistent and require medical attention. "
people humming,people humming,people,"The action ""people humming"" refers to the act of producing a continuous low sound by vibrating the vocal cords without forming words or lyrics. It is a common form of self-expression or a way to pass the time. "
people marching,people marching,people,"The action ""people marching"" refers to a collective movement of individuals walking together in a coordinated manner, often for a specific purpose or cause. It is a form of protest or demonstration where participants move in unison to convey a message or show solidarity. "
people nose blowing,people nose blowing,people,"The action ""people nose blowing"" refers to the act of forcefully expelling air from the nose to clear it of mucus or debris. It is a common behavior to alleviate nasal congestion or to remove irritants from the nasal passages. "
people running,people running,people,"The action ""people running"" refers to the act of individuals moving quickly on foot, typically involving a coordinated movement of the legs and arms. It is a common form of exercise, sport, or means of transportation."
people screaming,people screaming,people,"The action ""people screaming"" refers to the act of individuals making loud and high-pitched vocalizations, often as a response to fear, excitement, or pain. It is a form of expressing intense emotions or distress. "
people shuffling,people shuffling,people,"The action ""people shuffling"" refers to the movement of individuals in a disorganized or chaotic manner, often characterized by shuffling or shuffling steps. It can occur in crowded spaces, during emergencies, or in situations where people are trying to navigate through a dense crowd. "
people slapping,people slapping,people,"The action ""people slapping"" refers to the act of one person forcefully hitting another person's face with an open hand. It is often done as a form of punishment, aggression, or as a means of expressing disapproval or disrespect."
people slurping,people slurping,people,"The action ""people slurping"" refers to the act of making loud sucking noises while consuming a liquid, typically done when drinking hot beverages or soup. It is often considered impolite or rude in many cultures. "
people sneezing,people sneezing,people,"The action ""people sneezing"" refers to the involuntary expulsion of air through the nose and mouth caused by irritation or congestion in the nasal passages, often accompanied by a sudden and audible sound. It is a natural reflex that helps to clear the nasal passages of irritants or foreign particles. "
people sniggering,people sniggering,people,"The action ""people sniggering"" refers to the act of laughing quietly or in a suppressed manner, often with a sense of mockery or amusement. It is characterized by a stifled or muffled laughter that is typically done in a sneering or derisive manner. "
people sobbing,people sobbing,people,"The action ""people sobbing"" refers to the act of individuals crying uncontrollably, often accompanied by loud sounds of distress and visible signs of sadness or grief. It is a display of intense emotional release typically triggered by a deep sense of loss, pain, or overwhelming emotions. "
people whispering,people whispering,people,"The action ""people whispering"" refers to the act of speaking softly and quietly to convey information or secrets to others in a discreet manner. It typically involves hushed voices and close proximity between individuals. "
people whistling,people whistling,people,"The action ""people whistling"" refers to the act of producing musical sounds by blowing air through pursed lips or a small instrument, typically to express joy or catch someone's attention. It is a common form of non-verbal communication or a way to create a melodic tune. "
pheasant crowing,pheasant crowing,animals,"The action ""pheasant crowing"" refers to the loud and distinctive call made by male pheasants, typically during the breeding season, to attract females and establish their territory. It is characterized by a series of short, repetitive, and high-pitched crows. "
pig oinking,pig oinking,animals,"The action ""pig oinking"" refers to the sound made by a pig, typically a high-pitched and repetitive snorting noise, often associated with their communication or expression of excitement or distress. It is a distinctive vocalization that is commonly recognized as a characteristic of pigs. "
"pigeon, dove cooing",pigeon cooing,animals,"The action ""pigeon cooing"" refers to the soft, low-pitched vocalizations made by pigeons, typically as a form of communication or courtship. It is a characteristic sound produced by pigeons by vibrating their vocal cords. "
planing timber,planing timber,tools,"The action ""planing timber"" refers to the process of using a planer tool to smooth and shape rough-cut wood boards, removing imperfections and creating a flat and even surface. It is commonly done in woodworking to prepare the timber for further construction or finishing. "
plastic bottle crushing,plastic bottle crushing,others,"The action ""plastic bottle crushing"" refers to the process of compacting plastic bottles into smaller sizes by applying pressure or force, typically using a specialized machine or device. This is done to reduce the volume of plastic waste and facilitate recycling or disposal. "
playing accordion,playing accordion,music,"The action ""playing accordion"" refers to the act of producing music by manipulating the keys and buttons of an accordion instrument, which creates a unique sound through the vibration of reeds. It typically involves using both hands to control the melody, chords, and rhythm of the music. "
playing acoustic guitar,playing acoustic guitar,music,"The action ""playing acoustic guitar"" refers to the act of strumming or picking the strings of an acoustic guitar to produce music or sound. It typically involves using fingers or a pick to create melodies, chords, or rhythms on the instrument. "
playing badminton,playing badminton,sports,"The action ""playing badminton"" refers to participating in a sport where two or four players use rackets to hit a shuttlecock back and forth over a net, with the objective of making the shuttlecock land in the opponent's side of the court without being returned. It is a popular recreational activity and competitive sport worldwide. "
playing bagpipes,playing bagpipes,music,"The action ""playing bagpipes"" refers to the act of producing music by blowing air into a bag and squeezing it to force the air through reeds, creating sound. It is a traditional Scottish musical instrument often played at events and ceremonies. "
playing banjo,playing banjo,music,"The action ""playing banjo"" refers to the act of strumming or picking the strings of a banjo instrument to produce music. It involves using both hands to create melodies, chords, and rhythms on the banjo. "
playing bass drum,playing bass drum,music,"The action ""playing bass drum"" refers to the act of striking a large drum with a foot-operated pedal to produce a deep, low-pitched sound in a musical performance, typically in a marching band or rock band. It is an essential component of the rhythm section and provides a strong foundation for the overall sound. "
playing bass guitar,playing bass guitar,music,"The action ""playing bass guitar"" refers to the act of using one's hands to pluck or strum the strings of a bass guitar, producing musical notes and rhythms. It is commonly used in various genres of music to provide the low-end foundation and groove to a song. "
playing bassoon,playing bassoon,music,"The action ""playing bassoon"" refers to the act of producing music by blowing air into the double-reed instrument called the bassoon and manipulating its keys to create different tones and melodies. It is commonly performed in orchestras, bands, and chamber music ensembles."
playing bongo,playing bongo,music,"The action ""playing bongo"" refers to the act of rhythmically striking a pair of small, open-bottomed drums with the hands or fingers, typically producing a distinctive sound. It is often used in various genres of music, such as jazz, Latin, and African music, to add percussive elements and create a lively rhythm. "
playing bugle,playing bugle,music,"The action ""playing bugle"" refers to the act of producing musical sounds by blowing air through a bugle, a brass instrument typically used in military ceremonies or signaling. It involves using specific fingerings and techniques to create different notes and melodies. "
playing castanets,playing castanets,music,"The action ""playing castanets"" refers to the act of rhythmically striking two small concave shells held in the hand to produce a clicking sound, often used in traditional Spanish music and dance. It is a percussive technique that adds a distinctive and lively element to performances. "
playing cello,playing cello,music,"The action ""playing cello"" refers to the act of producing music by using a bow to stroke the strings of a cello, a large string instrument played with the instrument resting vertically on the floor. It involves using the fingers to press down on the strings to produce different pitches and tones. "
playing clarinet,playing clarinet,music,"The action ""playing clarinet"" refers to the act of producing music by blowing air into the clarinet and using the fingers to press the keys in order to create different pitches and tones. It is a form of musical expression and performance. "
playing congas,playing congas,music,"The action ""playing congas"" refers to the act of rhythmically striking and playing a set of conga drums, typically with the hands, to produce music and create a rhythmic foundation in various genres of music, such as Latin, jazz, and Afro-Cuban. It involves using different techniques and patterns to produce different sounds and rhythms. "
playing cornet,playing cornet,music,"The action ""playing cornet"" refers to the act of producing music by blowing air into a brass instrument called a cornet, typically using valves to change the pitch. It is a form of playing a musical instrument similar to playing a trumpet. "
playing cymbal,playing cymbal,music,"The action ""playing cymbal"" refers to striking two metal plates together to produce a loud, crashing sound, often used in musical performances. It is commonly done by percussionists using drumsticks or mallets. "
playing darts,playing darts,sports,"The action ""playing darts"" refers to a recreational activity where participants throw small pointed missiles (darts) at a circular target (dartboard) in order to score points based on where the darts land. It is often played in pubs or dedicated venues and requires skill, accuracy, and strategy. "
playing didgeridoo,playing didgeridoo,music,"The action ""playing didgeridoo"" refers to the act of producing sound from a traditional Australian musical instrument called the didgeridoo, which involves blowing air into the instrument and using techniques such as circular breathing to create continuous sound. It is often used in Aboriginal cultural ceremonies and contemporary music. "
playing djembe,playing djembe,music,"The action ""playing djembe"" refers to the act of playing a traditional West African drum called the djembe, which involves using hands to strike the drumhead and produce rhythmic sounds. It is often performed in cultural and musical contexts. "
playing double bass,playing double bass,music,"The action ""playing double bass"" refers to the act of performing music on a large string instrument called the double bass, which is played with a bow or plucked with the fingers. It is commonly used in orchestras and jazz ensembles to provide a deep and rich bass sound. "
playing drum kit,playing drum kit,music,"The action ""playing drum kit"" refers to the act of using drumsticks to strike various drums and cymbals in a rhythmic manner to produce music. It is a common activity in music performance and often involves coordination and skill. "
playing electric guitar,playing electric guitar,music,"The action ""playing electric guitar"" refers to the act of producing music by strumming or picking the strings of an electric guitar, which is amplified by an electronic system. It involves using both hands to create melodies, chords, and solos, often accompanied by various effects and techniques."
playing electronic organ,playing electronic organ,music,"The action ""playing electronic organ"" refers to the act of producing music by pressing keys on an electronic keyboard instrument that simulates the sound of a traditional pipe organ. It involves using various controls and features to create different tones and effects. "
playing erhu,playing erhu,music,"The action ""playing erhu"" refers to the act of performing music on the traditional Chinese string instrument called erhu, which is played by bowing the two strings with a horsehair bow. It is known for its expressive and melancholic sound. "
playing flute,playing flute,music,"The action ""playing flute"" refers to the act of producing music by blowing air into a flute and manipulating the keys and holes to create different notes and melodies. It is a form of musical expression and performance. "
playing french horn,playing french horn,music,"The action ""playing french horn"" refers to the act of producing sound on a brass instrument called the French horn by buzzing the lips into a mouthpiece and manipulating the valves or slides to change the pitch. It is commonly performed in orchestras, bands, and solo settings. "
playing glockenspiel,playing glockenspiel,music,"The action ""playing glockenspiel"" refers to the act of striking the metal bars of a glockenspiel with mallets to produce musical tones and melodies. It is a percussion instrument commonly used in orchestras and bands."
playing gong,playing gong,music,"The action ""playing gong"" refers to the act of striking or hitting a gong with a mallet or drumstick to produce a resonating sound. It is often used in traditional music, ceremonies, or meditation practices. "
playing guiro,playing guiro,music,"The action ""playing guiro"" refers to using a percussion instrument called a guiro, which involves running a stick or a scraper along the ridges of the instrument to create a rhythmic and scraping sound. It is commonly used in Latin American and Caribbean music. "
playing hammond organ,playing hammond organ,music,"The action ""playing hammond organ"" refers to the act of producing music by manipulating the keys, pedals, and drawbars of a Hammond organ, a popular electric organ known for its distinctive sound. It involves using both hands and feet to create melodies, chords, and various tonal effects. "
playing harmonica,playing harmonica,music,"The action ""playing harmonica"" refers to the act of producing music by blowing air into a small handheld instrument called a harmonica and manipulating the notes by using the mouth and hands. It is a popular form of musical expression often associated with blues, folk, and country genres. "
playing harp,playing harp,music,"The action ""playing harp"" refers to the act of producing music by plucking or strumming the strings of a harp instrument using one's fingers or a pick. It involves creating melodies, harmonies, and rhythms by manipulating the strings and pedals of the harp. "
playing harpsichord,playing harpsichord,music,"The action ""playing harpsichord"" refers to the act of performing music on a keyboard instrument that produces sound by plucking strings with quills or plectra, typically associated with Baroque music. It involves using both hands to play the keys and manipulating the various stops and pedals to control the sound and dynamics. "
playing hockey,playing hockey,sports,"The action ""playing hockey"" refers to participating in a team sport where players use sticks to hit a small rubber disc (puck) into the opposing team's goal in order to score points. It involves skating, passing, shooting, and defending. "
playing lacrosse,playing lacrosse,sports,"The action ""playing lacrosse"" refers to participating in a team sport that involves using a small rubber ball and a long-handled stick to score goals by shooting the ball into the opposing team's net. It is a fast-paced game that requires agility, coordination, and teamwork. "
playing mandolin,playing mandolin,music,"The action ""playing mandolin"" refers to the act of producing music by plucking or strumming the strings of a mandolin instrument. It involves using both hands to create melodies, chords, and rhythms on the instrument. "
playing oboe,playing oboe,music,"The action ""playing oboe"" refers to the act of producing music by blowing air into the oboe and manipulating its keys to create different pitches and tones. It is a skillful and intricate process that requires breath control, finger dexterity, and musical interpretation. "
playing piano,playing piano,music,"The action ""playing piano"" refers to the act of producing music by pressing keys on a piano keyboard, creating melodies and harmonies. It involves using both hands to strike the keys and can be performed by individuals of various skill levels. "
playing saxophone,playing saxophone,music,"The action ""playing saxophone"" refers to the act of producing music by blowing air into a saxophone and manipulating the keys to create different notes and melodies. It is a skillful and expressive form of musical performance."
playing shofar,playing shofar,music,"The action ""playing shofar"" refers to the act of blowing into a traditional Jewish musical instrument called a shofar, typically made from a ram's horn, to produce a loud and distinctive sound. It is often performed during religious ceremonies and holidays, such as Rosh Hashanah and Yom Kippur."
playing sitar,playing sitar,music,"The action ""playing sitar"" refers to the act of performing music on a sitar, a traditional stringed instrument from India, by plucking or strumming its strings with the fingers or a plectrum. It involves creating melodic and rhythmic patterns using the unique techniques and tuning of the sitar. "
playing snare drum,playing snare drum,music,"The action ""playing snare drum"" refers to the act of striking the snare drum with drumsticks or hands to produce rhythmic sounds. It is commonly used in various musical genres and ensembles, such as marching bands, orchestras, and rock bands. "
playing squash,playing squash,sports,"The action ""playing squash"" refers to a sport where two players use rackets to hit a small rubber ball against the walls of a four-walled court, with the objective of making the ball bounce twice before the opponent can return it. It is a fast-paced and physically demanding game that requires agility, strategy, and quick reflexes. "
"playing steel guitar, slide guitar",playing steel guitar,music,"The action ""playing steel guitar"" refers to the act of using a metal-bodied guitar with steel strings to produce music, typically in a slide or lap style technique. It is commonly used in country, blues, and Hawaiian music genres. "
playing steelpan,playing steelpan,music,"The action ""playing steelpan"" refers to the act of performing music on a musical instrument called a steelpan, which is a percussion instrument made from an oil drum. It involves striking the different sections of the steelpan with mallets or sticks to produce melodic and rhythmic sounds."
playing synthesizer,playing synthesizer,music,"The action ""playing synthesizer"" refers to the act of creating music or sound using a synthesizer, an electronic musical instrument that generates and manipulates sound through various techniques. It involves pressing keys, adjusting knobs, and using other controls to produce and modify different sounds and tones. "
playing tabla,playing tabla,music,"The action ""playing tabla"" refers to the act of performing and creating music using a pair of hand drums called tabla, which are commonly used in traditional Indian classical music. It involves striking the drums with the hands to produce rhythmic patterns and melodies. "
playing table tennis,playing table tennis,sports,"The action ""playing table tennis"" refers to a recreational activity where two or four players hit a small ball back and forth across a table divided by a net, using small paddles. It requires quick reflexes, hand-eye coordination, and strategic thinking. "
playing tambourine,playing tambourine,music,"The action ""playing tambourine"" refers to the act of rhythmically shaking or striking a tambourine, a musical instrument consisting of a circular frame with metal jingles or discs attached to it, usually played by hand. It is commonly used to provide a percussive accompaniment to music. "
playing tennis,playing tennis,sports,"The action ""playing tennis"" refers to participating in a sport where two or four players use rackets to hit a ball over a net and into the opponent's court, aiming to score points by making the ball land within the boundaries of the court without the opponent being able to return it. It is a popular recreational activity and competitive sport worldwide. "
playing theremin,playing theremin,music,"The action ""playing theremin"" refers to the act of producing music by manipulating the electromagnetic fields around the instrument, without any physical contact, using hand movements to control pitch and volume. It is an electronic musical instrument that is played by waving one's hands in the air near its antennas. "
playing timbales,playing timbales,music,"The action ""playing timbales"" refers to the act of performing on a set of two shallow, single-headed drums called timbales, typically played with drumsticks or hands, and commonly used in Latin American and Caribbean music genres. It involves striking the drums to produce rhythmic patterns and accents. "
playing timpani,playing timpani,music,"The action ""playing timpani"" refers to the act of striking and producing sound from a set of large kettle drums, typically used in orchestras and ensembles to provide rhythmic and melodic support. It requires skillful technique and precise timing to create the desired musical effect. "
playing trombone,playing trombone,music,"The action ""playing trombone"" refers to the act of producing music by blowing air into a brass instrument called the trombone and manipulating the slide to change the pitch. It is commonly used in jazz, classical, and marching band music. "
playing trumpet,playing trumpet,music,"The action ""playing trumpet"" refers to the act of producing musical sounds by blowing air into a trumpet and manipulating the valves and slides to change the pitch and tone. It is a skillful and expressive form of musical performance. "
playing tuning fork,playing tuning fork,music,"The action ""playing tuning fork"" refers to striking a metal fork-like instrument against a hard surface to produce a specific pitch or frequency. It is often used in music or sound therapy to help tune instruments or promote relaxation and healing. "
playing tympani,playing tympani,music,"The action ""playing tympani"" refers to the act of striking or playing the large kettle drums, known as tympani, with drumsticks or mallets to produce musical sounds and rhythms. It is commonly performed in orchestras, bands, and other musical ensembles. "
playing ukulele,playing ukulele,music,"The action ""playing ukulele"" refers to the act of strumming or plucking the strings of a small, four-stringed instrument called a ukulele to produce music. It is often played by using fingers or a pick to create melodies, chords, and rhythms. "
playing vibraphone,playing vibraphone,music,"The action ""playing vibraphone"" refers to the act of striking the metal bars of a vibraphone with mallets to produce musical notes and tones. It is a percussion technique commonly used in jazz, classical, and contemporary music genres. "
"playing violin, fiddle",playing violin,music,"The action ""playing violin"" refers to the act of producing music by using a bow to vibrate the strings of a violin. It involves using the fingers to press down on the strings to create different pitches and using the bow to create different tones and dynamics. "
playing volleyball,playing volleyball,sports,"The action ""playing volleyball"" refers to a team sport where two teams of six players each try to score points by hitting a ball over a net and into the opponent's court, using only their hands or arms. It involves a combination of physical skills, strategy, and teamwork. "
playing washboard,playing washboard,music,"The action ""playing washboard"" refers to the act of using a washboard as a musical instrument by rubbing or striking it with hands or sticks to create rhythmic sounds. It is commonly used in traditional American folk and blues music. "
"playing marimba, xylophone",playing xylophone,music,"The action ""playing xylophone"" refers to the act of striking the wooden bars of a musical instrument called a xylophone with mallets or sticks to produce musical tones. It is a percussive action that requires hand-eye coordination and rhythm. "
playing zither,playing zither,music,"The action ""playing zither"" refers to the act of skillfully plucking or strumming the strings of a zither, a musical instrument with a flat soundboard and numerous strings stretched across it, to produce melodic sounds. It is often performed using both hands and can involve various techniques and styles. "
police car (siren),police car siren,vehicle,"The action ""police car siren"" refers to the activation of a loud, distinctive sound produced by a siren mounted on a police vehicle, typically used to alert other drivers and pedestrians of an emergency situation or to signal the need for immediate attention. It is commonly associated with law enforcement vehicles and is used to gain attention and clear the way for the police car. "
police radio chatter,police radio chatter,tools,"The action ""police radio chatter"" refers to the communication and exchange of information between police officers over a radio system. It typically involves officers relaying updates, coordinating responses, and sharing important details related to ongoing incidents or operations. "
popping popcorn,popping popcorn,others,"The action ""popping popcorn"" refers to the process of heating popcorn kernels until they burst open and turn into fluffy, edible popcorn. It is a common method of preparing popcorn for consumption. "
printer printing,printer printing,others,"The action ""printer printing"" refers to the process of a printer producing a physical copy of a digital document or image by transferring ink onto paper or other media. It involves the printer receiving data from a computer or other device, processing it, and then creating a printed output. "
pumping water,pumping water,others,"The action ""pumping water"" refers to the process of using a mechanical device or equipment to move water from one location to another, typically against gravity or from a lower to a higher elevation. It is commonly used for various purposes such as irrigation, water supply, drainage, or in industrial processes. "
"railroad car, train wagon",railroad car,vehicle,"The action ""railroad car"" refers to the process of loading or unloading goods onto or from a train car for transportation. It involves the use of specialized equipment and techniques to efficiently move and secure cargo on the train."
raining,raining,nature,"The action ""raining"" refers to the process of water falling from the atmosphere in the form of droplets or ice crystals, typically from clouds, and reaching the ground. It is a natural phenomenon that occurs due to condensation and precipitation in the Earth's water cycle. "
rapping,rapping,people,"The action ""rapping"" refers to the art of delivering rhythmic and rhyming lyrics in a spoken or chanted manner, often accompanied by a musical beat. It is a form of expression and storytelling commonly associated with hip-hop culture."
reversing beeps,reversing beeps,vehicle,"The action ""reversing beeps"" refers to the audible signals produced by a vehicle when it is moving in reverse, alerting pedestrians and other drivers of its presence. These beeps are typically used to enhance safety and prevent accidents in parking lots or other situations where a vehicle is backing up. "
ripping paper,ripping paper,others,"The action ""ripping paper"" refers to the act of tearing apart a sheet of paper by applying force to it, resulting in the separation of the paper into two or more pieces. It is commonly done by hand or using a tool such as scissors."
roller coaster running,roller coaster running,sports,"The action ""roller coaster running"" refers to the act of running or jogging on a roller coaster track, typically during times when the roller coaster is not in operation. It is often done for exercise or as a unique and thrilling way to experience the track. "
rope skipping,rope skipping,sports,"The action ""rope skipping"" refers to a physical exercise where a person jumps over a rope that is swung over their head and under their feet, typically done for cardiovascular fitness or as a form of play. It involves coordination, agility, and endurance. "
running electric fan,running electric fan,others,"The action ""running electric fan"" refers to the operation of an electrically powered device that circulates air using rotating blades or propellers. It is commonly used to provide cooling or ventilation in indoor spaces. "
sailing,sailing,sports,"The action ""sailing"" refers to the act of navigating a boat or ship across water using wind power to propel it forward. It involves controlling the sails and steering the vessel to reach a desired destination. "
scuba diving,scuba diving,sports,"The action ""scuba diving"" refers to the activity of exploring underwater environments using a self-contained underwater breathing apparatus (scuba) that allows divers to breathe underwater. It involves descending into the water, exploring marine life, and resurfacing after the dive. "
sea lion barking,sea lion barking,animals,"The action ""sea lion barking"" refers to the vocalization made by sea lions, which is a loud, distinctive, and repetitive sound resembling a bark. It is used for communication purposes, such as establishing territory, attracting mates, or warning others of potential threats. "
sea waves,sea waves,sports,"The action ""sea waves"" refers to the movement or oscillation of water in the ocean or sea, typically caused by wind or seismic activity. These waves can vary in size and intensity and are a natural phenomenon that plays a crucial role in shaping coastal landscapes and providing habitat for marine life. "
sharpen knife,sharpen knife,tools,"The action ""sharpen knife"" refers to the process of honing the blade of a knife to restore its sharpness and improve its cutting ability. It involves using a sharpening tool or stone to remove any dullness or imperfections from the blade's edge. "
sheep bleating,sheep bleating,animals,"The action ""sheep bleating"" refers to the sound made by sheep, typically a high-pitched vocalization, often used for communication or to express distress or hunger. It is a characteristic behavior of sheep and is commonly heard in agricultural settings or rural areas with sheep populations. "
shot football,shot football,sports,"The action ""shot football"" refers to the act of forcefully kicking or striking a football with the intention of scoring a goal or making a powerful shot towards the goalpost. It is a common action in the sport of football/soccer. "
singing bowl,singing bowl,music,"The action ""singing bowl"" refers to the act of striking or rubbing a metal bowl to produce a resonant sound, often used for meditation or relaxation purposes. It is a traditional practice originating from Tibetan and Himalayan cultures. "
singing choir,singing choir,people,"The action ""singing choir"" refers to a group of individuals coming together to sing in harmony, typically led by a conductor. They perform a variety of songs, often in a choral arrangement, and showcase their vocal talents as a unified ensemble. "
skateboarding,skateboarding,sports,"The action ""skateboarding"" refers to riding and performing tricks on a skateboard, typically on streets, skate parks, or other designated areas. It involves balancing, maneuvering, and executing various stunts using the skateboard. "
skidding,skidding,vehicle,"The action ""skidding"" refers to the loss of traction between a vehicle's tires and the road surface, causing the vehicle to slide or drift uncontrollably. Skidding typically occurs when braking or turning too sharply, or when driving on slippery surfaces. "
skiing,skiing,sports,"The action ""skiing"" refers to the act of gliding on snow using skis, typically in a recreational or competitive manner. It involves sliding down slopes or trails while maintaining balance and control on the skis. "
sliding door,sliding door,home,"The action ""sliding door"" refers to the act of opening or closing a door by sliding it horizontally along a track, typically used for entrances or exits in buildings. It allows for easy access and saves space compared to traditional hinged doors. "
sloshing water,sloshing water,others,"The action ""sloshing water"" refers to the movement or agitation of water in a container or body of water, typically resulting in the liquid splashing or spilling over the edges. It is often caused by the motion or disturbance of the container or external forces acting on the water. "
slot machine,slot machine,others,"The action ""slot machine"" refers to a gambling device that has spinning reels with various symbols. Players place bets and spin the reels in hopes of matching symbols to win prizes or money. "
smoke detector beeping,smoke detector beeping,others,"The action ""smoke detector beeping"" refers to the sound emitted by a smoke detector when it detects smoke or fire, serving as a warning signal to alert individuals of a potential fire hazard. It is designed to ensure the safety of occupants by notifying them to take immediate action and evacuate if necessary. "
snake hissing,snake hissing,animals,"The action ""snake hissing"" refers to the sound made by a snake when it forcefully expels air through its mouth, often as a warning or defensive behavior. It is a characteristic sound produced by snakes by vibrating their glottis. "
snake rattling,snake rattling,animals,"The action ""snake rattling"" refers to the behavior of a snake shaking its tail rapidly to produce a rattling sound as a warning signal to potential threats. This behavior is commonly observed in venomous snakes such as rattlesnakes. "
splashing water,splashing water,others,"The action ""splashing water"" refers to the act of forcefully throwing or causing water to scatter or disperse in various directions. It is often done by quickly moving one's hands or an object through a body of water. "
spraying water,spraying water,others,"The action ""spraying water"" refers to the act of forcefully releasing water from a nozzle or similar device in a fine mist or stream. It is commonly used for various purposes such as watering plants, cleaning surfaces, or extinguishing fires. "
squishing water,squishing water,others,"The action ""squishing water"" refers to the act of applying pressure or force to water, causing it to be compressed or squeezed out. It typically involves using one's hands or a tool to manipulate and deform the water. "
stream burbling,stream burbling,nature,"The action ""stream burbling"" refers to the sound or movement of water flowing in a stream, creating a gentle and soothing bubbling or gurgling noise. It is often associated with a peaceful and natural environment. "
strike lighter,strike lighter,others,"The action ""strike lighter"" refers to the act of igniting a lighter by rubbing its flint against a rough surface, creating a spark that ignites the fuel. It is commonly used to light cigarettes, candles, or other flammable objects. "
striking bowling,striking bowling,sports,"The action ""striking bowling"" refers to hitting the bowling pins with a bowling ball in order to knock them down. It is a fundamental action in the sport of bowling. "
striking pool,striking pool,sports,"The action ""striking pool"" refers to hitting the cue ball with a cue stick in order to make it collide with other balls on the pool table. This is done to strategically pocket the target ball or create a favorable position for future shots. "
swimming,swimming,sports,"The action ""swimming"" refers to the act of propelling oneself through water using one's arms and legs in a coordinated manner. It is a popular recreational activity and a competitive sport. "
tap dancing,tap dancing,sports,"The action ""tap dancing"" refers to a form of dance where the dancer creates rhythmic sounds by wearing special shoes with metal plates on the soles and striking the floor. It combines footwork, coordination, and musicality to create a unique and expressive style of dance. "
tapping guitar,tapping guitar,music,"The action ""tapping guitar"" refers to a technique where the guitarist uses their fingers to tap on the fretboard of the guitar, producing notes and creating a unique sound. This technique is commonly used in rock and metal genres to create fast and intricate melodies. "
telephone bell ringing,telephone bell ringing,others,"The action ""telephone bell ringing"" refers to the sound produced by a telephone when an incoming call is received, typically characterized by a repetitive ringing tone. It serves as an auditory alert to notify the user of an incoming call. "
thunder,thunder,nature,"The action ""thunder"" refers to the loud, rumbling sound that occurs during a thunderstorm, caused by the rapid expansion and contraction of air surrounding a lightning bolt. It is often accompanied by flashes of light and can be heard from a distance. "
toilet flushing,toilet flushing,home,"The action ""toilet flushing"" refers to the act of activating a mechanism that releases water into a toilet bowl, causing the contents to be removed through a drain pipe and into a sewage system. It is typically done to dispose of waste and maintain cleanliness in the toilet. "
tornado roaring,tornado roaring,nature,"The action ""tornado roaring"" refers to the loud and powerful sound produced by a tornado as it moves across the land, characterized by a deep rumbling noise and a continuous, intense howling. It is a distinctive feature of tornadoes and is often associated with their destructive force. "
tractor digging,tractor digging,vehicle,"The action ""tractor digging"" refers to the process of using a tractor to excavate or dig up soil or other materials from the ground. It involves the use of a tractor equipped with a digging attachment or bucket to perform the digging tasks efficiently and quickly. "
train horning,train horning,vehicle,"The action ""train horning"" refers to the act of sounding the horn on a train as a warning signal, typically used to alert pedestrians or vehicles of the train's presence at a crossing or to signal a departure. It is a safety measure to prevent accidents and ensure the awareness of the train's movement. "
train wheels squealing,train wheels squealing,vehicle,"The action ""train wheels squealing"" refers to the high-pitched and screeching sound produced by the wheels of a train when they lose traction or encounter friction while moving. It is a common occurrence during sharp turns or sudden braking. "
train whistling,train whistling,vehicle,"The action ""train whistling"" refers to the act of a train blowing its whistle to signal its presence or to communicate with other trains or individuals. It is a common practice used for safety purposes and to alert people of an approaching train. "
turkey gobbling,turkey gobbling,animals,"The action ""turkey gobbling"" refers to the vocalization made by male turkeys, known as gobbling, which is a series of deep, throaty sounds produced to attract females during mating season. It is a distinctive and characteristic behavior of turkeys. "
typing on computer keyboard,typing on computer keyboard,others,"The action ""typing on computer keyboard"" refers to the act of using one's fingers to press keys on a computer keyboard in order to input text or commands into a computer system. It is a common method of data entry and communication in the digital age. "
typing on typewriter,typing on typewriter,others,"The action ""typing on typewriter"" refers to the act of using a mechanical device called a typewriter to input text onto paper by pressing keys that imprint ink onto the surface. It was commonly used before the advent of computers and modern keyboards. "
"subway, metro, underground",underground,vehicle,"The action ""underground"" refers to activities or movements that are conducted secretly or covertly, often with the intention of opposing or resisting a dominant authority or system. It typically involves operating outside of mainstream society or institutions to achieve specific goals or ideals. "
underwater bubbling,underwater bubbling,people,"The action ""underwater bubbling"" refers to the process of air or gas being released from underwater, creating bubbles that rise to the surface. This can occur naturally through the release of gases from underwater vents or can be intentionally created by humans for various purposes such as diving or scientific experiments. "
using sewing machines,using sewing machines,others,"The action ""using sewing machines"" refers to the process of operating and manipulating sewing machines to stitch fabric and create garments or other textile products. It involves feeding fabric through the machine, selecting appropriate stitches, and controlling the speed and direction of the machine to achieve desired sewing outcomes. "
vacuum cleaner cleaning floors,vacuum cleaner cleaning floors,home,"The action ""vacuum cleaner cleaning floors"" refers to the process of using a vacuum cleaner to remove dirt, dust, and debris from the surfaces of floors. It involves the machine's suction power and rotating brushes to effectively clean and collect particles from the floor. "
"vehicle horn, car horn, honking",vehicle horn,vehicle,"The action ""vehicle horn"" refers to the act of pressing a button or lever in a vehicle to produce a loud sound as a warning or signal to other drivers or pedestrians. It is commonly used to indicate danger, alert others of one's presence, or communicate in traffic situations."
volcano explosion,volcano explosion,nature,"The action ""volcano explosion"" refers to the sudden release of volcanic gases, ash, and lava from a volcano, resulting in a violent eruption and the ejection of materials into the atmosphere. It often leads to the formation of a volcanic crater and can cause significant damage to the surrounding environment. "
warbler chirping,warbler chirping,animals,"The action ""warbler chirping"" refers to the sound made by a warbler bird, characterized by a series of high-pitched and melodious notes. It is a common vocalization used by warblers for communication and territorial defense. "
waterfall burbling,waterfall burbling,nature,"The action ""waterfall burbling"" refers to the sound made by water flowing over rocks and cascading down a waterfall, creating a soothing and rhythmic bubbling noise. It is often associated with the calming and peaceful ambiance of natural water features. "
whale calling,whale calling,animals,"The action ""whale calling"" refers to the act of imitating whale sounds or vocalizations in order to communicate with or attract whales. It is often used by researchers, conservationists, and whale watching enthusiasts to study or interact with these marine mammals. "
wind chime,wind chime,music,"The action ""wind chime"" refers to the act of hanging a decorative arrangement of small objects, typically made of metal or glass, that make a tinkling sound when the wind blows. It is often used as a decorative element in outdoor spaces to create a soothing and melodic ambiance. "
wind noise,wind noise,nature,"The action ""wind noise"" refers to the sound produced by the movement of air, typically caused by wind, that can be heard in recordings or during outdoor activities. It is characterized by a rushing or whistling sound caused by the air passing over or through objects. "
wind rustling leaves,wind rustling leaves,nature,"The action ""wind rustling leaves"" refers to the movement of air causing the leaves on trees or plants to make a soft, gentle sound as they brush against each other. It is a natural phenomenon commonly associated with a gentle breeze or wind blowing through foliage. "
"female speech, woman speaking",woman speaking,people,"The action ""woman speaking"" refers to the act of a female individual verbally expressing herself or communicating with others using spoken words. It involves the use of vocal cords and speech organs to produce sounds and convey messages or information. "
wood thrush calling,wood thrush calling,animals,"The action ""wood thrush calling"" refers to the vocalization made by a wood thrush bird, which is a melodious and flute-like song. It is a way for the bird to communicate with other wood thrushes and establish its territory. "
woodpecker pecking tree,woodpecker pecking tree,animals,"The action ""woodpecker pecking tree"" refers to the repetitive tapping or drilling motion made by a woodpecker using its beak on the trunk or branches of a tree. This behavior is typically performed by woodpeckers to search for food, establish territory, or attract mates. "
writing on blackboard with chalk,writing on blackboard with chalk,tools,"The action ""writing on blackboard with chalk"" refers to the act of using a piece of chalk to create marks or words on a blackboard surface. It is a traditional method of conveying information or teaching in a classroom setting. "
yodelling,yodelling,people,"The action ""yodelling"" refers to a traditional form of singing characterized by rapid changes in pitch between the chest voice and falsetto, often accompanied by a distinctive yodeling sound. It is commonly associated with Alpine folk music and is used to communicate across mountainous regions. "
zebra braying,zebra braying,animals,"The action ""zebra braying"" refers to the loud, high-pitched vocalization made by zebras, which resembles a combination of a bark and a whinny. It is a form of communication used by zebras to convey various messages within their social group. "